"target_tissue","target_clust","target_gene_symbol","endocrine","source_tissue","source_clust","cor","p","key_driver_FDR"
"LIV",98,"ACACA","LEP","VAF",78,0.328019026341359,4.41180151944959e-14,NA
"LIV",98,"ADIPOR2","LEP","VAF",78,0.31065525248146,1.02561633465014e-12,NA
"LIV",98,"SQLE","LEP","VAF",78,0.309773827730094,1.19674183415391e-12,NA
"LIV",98,"ACACB","LEP","VAF",78,0.301350133586989,5.09615308729687e-12,NA
"LIV",98,"PNPLA3","LEP","VAF",78,0.291594175327617,2.57595549271345e-11,NA
"LIV",98,"TMCO6","LEP","VAF",78,-0.291129747207226,2.7782728373087e-11,1.35066712165259e-19
"VAF",98,"GSR","LEP","VAF",78,0.279842688669137,4.78856055431235e-11,NA
"LIV",98,"HMGCS1","LEP","VAF",78,0.28193078404115,1.20758216910773e-10,5.58412653354701e-30
"LIV",98,"FAM213A","LEP","VAF",78,0.279607504962043,1.73549303934031e-10,NA
"LIV",98,"ELOVL6","LEP","VAF",78,0.276215170982142,2.92939340026877e-10,NA
"LIV",98,"SREBF2","LEP","VAF",78,0.273696102939459,4.30128564038858e-10,5.81378709234782e-05
"LIV",98,"IDI1","LEP","VAF",78,0.270393852182774,7.07467440121842e-10,NA
"LIV",98,"HSD17B7","LEP","VAF",78,0.269049680590472,8.64647325303572e-10,3.2370696429958e-23
"LIV",98,"NSDHL","LEP","VAF",78,0.268217567618548,9.7844793158138e-10,NA
"LIV",98,"MVD","LEP","VAF",78,0.266925093356712,1.18462357731686e-09,1.02325892218297e-27
"LIV",98,"FDFT1","LEP","VAF",78,0.262128730308955,2.38720754334304e-09,2.12173714047761e-23
"LIV",98,"TDRKH","LEP","VAF",78,0.26149810205488,2.61487149514384e-09,NA
"LIV",98,"RUSC1-AS1","LEP","VAF",78,0.260516995553844,3.01154313030427e-09,3.9841649730727e-07
"LIV",98,"HMGCR","LEP","VAF",78,0.252287429054049,9.62534188748279e-09,NA
"LIV",98,"PCSK9","LEP","VAF",78,0.250991591690814,1.15153071211898e-08,2.64487723879423e-17
"LIV",98,"PI4K2A","LEP","VAF",78,0.250400170250737,1.24930016652998e-08,NA
"LIV",98,"FADS2","LEP","VAF",78,0.249278793352793,1.45721658754591e-08,NA
"LIV",98,"CTD-2636A23.2","LEP","VAF",78,0.249099309945204,1.49346496459741e-08,NA
"LIV",98,"ELOVL5","LEP","VAF",78,0.248325160282428,1.66006951109324e-08,3.80097933647115e-08
"LIV",98,"HSD17B7P2","LEP","VAF",78,0.244455596764283,2.80164114788754e-08,NA
"LIV",98,"TIMM10B","LEP","VAF",78,0.232305488035134,1.368984138846e-07,NA
"LIV",98,"FADS1","LEP","VAF",78,0.230319300451616,1.75996452553766e-07,NA
"LIV",98,"CYB5B","LEP","VAF",78,0.229645499751701,1.91555281769645e-07,NA
"LIV",98,"MMAB","LEP","VAF",78,0.223340007984766,4.17955174311554e-07,NA
"LIV",98,"ACSS2","LEP","VAF",78,0.22268633411971,4.52579414593073e-07,1.51196304724992e-19
"LIV",98,"ALDOC","LEP","VAF",78,0.220681862753201,5.76811056379838e-07,NA
"LIV",98,"CTD-2235C13.3","LEP","VAF",78,0.220099981480574,6.18625947013372e-07,NA
"LIV",98,"MVK","LEP","VAF",78,0.219324696740986,6.78885313003272e-07,NA
"LIV",98,"NPC1L1","LEP","VAF",78,0.21690615867822,9.05282871534125e-07,NA
"LIV",98,"ACAT2","LEP","VAF",78,0.214924100647263,1.14328239216645e-06,NA
"LIV",98,"C14orf1","LEP","VAF",78,0.212829130613838,1.45969212932112e-06,2.46883021079664e-40
"LIV",98,"CYP51A1","LEP","VAF",78,0.211287546959266,1.74446630340215e-06,NA
"LIV",98,"RDH11","LEP","VAF",78,0.210544400843031,1.90007302013855e-06,NA
"LIV",98,"RP11-159F24.2","LEP","VAF",78,0.208879275843677,2.29843645180851e-06,NA
"LIV",98,"FDPS","LEP","VAF",78,0.207100561567553,2.81188531191496e-06,NA
"LIV",98,"MSMO1","LEP","VAF",78,0.200259461295245,6.00804756455377e-06,NA
"LIV",98,"DHCR24","LEP","VAF",78,0.194995232179088,1.0590184971498e-05,NA
"LIV",98,"TLCD1","LEP","VAF",78,0.187412303610159,2.33377699762302e-05,NA
"LIV",98,"LSS","LEP","VAF",78,0.183869888870398,3.34022739886305e-05,2.15988612570114e-11
"LIV",98,"RP4-639F20.1","LEP","VAF",78,0.182146147145302,3.96732115977875e-05,NA
"LIV",98,"NEK8","LEP","VAF",78,0.18081104111088,4.5279427323981e-05,NA
"LIV",98,"RP5-821D11.7","LEP","VAF",78,0.178367516956342,5.75306740589883e-05,NA
"LIV",98,"ACLY","LEP","VAF",78,0.178314782289847,5.78267498959233e-05,1.2441778011513e-18
"LIV",98,"DHCR7","LEP","VAF",78,0.176945728597323,6.60361202007077e-05,NA
"LIV",98,"SC5D","LEP","VAF",78,0.176815424098847,6.68723347114512e-05,NA
"LIV",98,"SNAI3-AS1","LEP","VAF",78,0.163936565413819,0.000221992627233249,NA
"LIV",98,"RP11-297N6.4","LEP","VAF",78,0.163241095067846,0.000236272024251364,NA
"LIV",98,"VPS37D","LEP","VAF",78,0.152074287883394,0.000621373986052006,NA
"LIV",98,"TM7SF2","LEP","VAF",78,0.144409219194063,0.00116324546690037,NA
"LIV",98,"CYP51A1P2","LEP","VAF",78,0.138852372893242,0.0017992004401034,NA
"LIV",98,"C2orf82","LEP","VAF",78,0.137399548983931,0.00201139721198667,NA
"LIV",98,"TMEM97","LEP","VAF",78,0.13653166990988,0.00214884262896373,NA
"LIV",98,"AACS","LEP","VAF",78,0.136069935154775,0.00222541652081853,NA
"LIV",98,"MRPS27","LEP","VAF",78,0.135720265419409,0.00228505557974087,NA
"LIV",98,"CETN2","LEP","VAF",78,0.132421709367549,0.00292382935256696,NA
"LIV",98,"EBP","LEP","VAF",78,0.12744634525119,0.00419789839316729,1.31030044084685e-32
"LIV",98,"IDI2-AS1","LEP","VAF",78,0.125577861910141,0.00479362969431031,NA
"LIV",98,"PGD","LEP","VAF",78,0.124399140591073,0.00520764950382914,NA
"LIV",98,"FLVCR1","LEP","VAF",78,0.123579264703109,0.00551433681272795,NA
"LIV",98,"TMEM55B","LEP","VAF",78,0.120807487796037,0.00667515914979313,NA
"LIV",98,"SCD","LEP","VAF",78,0.115596375602575,0.00946432096073605,7.00644105625394e-10
"LIV",98,"NPC1","LEP","VAF",78,0.104073540777579,0.0195610855562954,NA
"LIV",98,"AP001469.5","LEP","VAF",78,0.10191514642793,0.022255035428595,NA
"LIV",98,"AK7","LEP","VAF",78,0.0906417651718334,0.0421526843168118,NA
"LIV",98,"TKT","LEP","VAF",78,0.0667038540032473,0.135187716903389,NA
"LIV",98,"AC144652.1","LEP","VAF",78,0.0498227895154579,0.264712727984272,NA
"LIV",98,"RAB5B","LEP","VAF",78,0.0248594294554417,0.578048359848046,NA
"LIV",98,"ACACA","EPDR1","VAF",78,0.319987985271301,1.93905193487164e-13,NA
"LIV",98,"SQLE","EPDR1","VAF",78,0.281121773454842,1.37066056200465e-10,NA
"LIV",98,"ELOVL6","EPDR1","VAF",78,0.280355324889795,1.54484415221556e-10,NA
"LIV",98,"FAM213A","EPDR1","VAF",78,0.278914963073529,1.93236903497888e-10,NA
"LIV",98,"FADS2","EPDR1","VAF",78,0.275642883358586,3.19761541603752e-10,NA
"LIV",98,"ADIPOR2","EPDR1","VAF",78,0.275016137696456,3.51879724305622e-10,NA
"LIV",98,"HMGCS1","EPDR1","VAF",78,0.265537261709419,1.45297132812104e-09,5.58412653354701e-30
"LIV",98,"PNPLA3","EPDR1","VAF",78,0.262344677022994,2.31376655779489e-09,NA
"LIV",98,"ACACB","EPDR1","VAF",78,0.25816008383558,4.21806791966222e-09,NA
"LIV",98,"CTD-2636A23.2","EPDR1","VAF",78,0.251921702897814,1.01259178346599e-08,NA
"LIV",98,"NSDHL","EPDR1","VAF",78,0.249167842093608,1.47952235984823e-08,NA
"LIV",98,"TMCO6","EPDR1","VAF",78,-0.248274177989882,1.67165140989702e-08,1.35066712165259e-19
"LIV",98,"HMGCR","EPDR1","VAF",78,0.246503484572781,2.12619264636286e-08,NA
"LIV",98,"ELOVL5","EPDR1","VAF",78,0.246330089913709,2.17664900480539e-08,3.80097933647115e-08
"LIV",98,"FDFT1","EPDR1","VAF",78,0.24554066919462,2.42138907660308e-08,2.12173714047761e-23
"LIV",98,"SREBF2","EPDR1","VAF",78,0.243939180287649,3.00231464325078e-08,5.81378709234782e-05
"LIV",98,"ACSS2","EPDR1","VAF",78,0.241193360122327,4.32575722165281e-08,1.51196304724992e-19
"LIV",98,"TDRKH","EPDR1","VAF",78,0.24009845037576,4.99774340819599e-08,NA
"LIV",98,"FDPS","EPDR1","VAF",78,0.240095187571922,4.99988921316236e-08,NA
"LIV",98,"IDI1","EPDR1","VAF",78,0.239242126096553,5.59254305318572e-08,NA
"LIV",98,"MVD","EPDR1","VAF",78,0.239186532908078,5.63343595758678e-08,1.02325892218297e-27
"LIV",98,"CYP51A1","EPDR1","VAF",78,0.229218817046673,2.02084546265619e-07,NA
"LIV",98,"HSD17B7P2","EPDR1","VAF",78,0.226646930054436,2.78389442689531e-07,NA
"LIV",98,"MVK","EPDR1","VAF",78,0.226013081996084,3.01083997275784e-07,NA
"LIV",98,"MMAB","EPDR1","VAF",78,0.221904064429326,4.97647498344218e-07,NA
"LIV",98,"HSD17B7","EPDR1","VAF",78,0.22138102202934,5.30155576697888e-07,3.2370696429958e-23
"LIV",98,"RUSC1-AS1","EPDR1","VAF",78,0.220229610045131,6.09065725442134e-07,3.9841649730727e-07
"LIV",98,"FADS1","EPDR1","VAF",78,0.217422852274091,8.51533663183681e-07,NA
"LIV",98,"ALDOC","EPDR1","VAF",78,0.215570767382113,1.05970670921062e-06,NA
"VAF",98,"GSR","EPDR1","VAF",78,0.20692917392454,1.44741040216261e-06,NA
"LIV",98,"PI4K2A","EPDR1","VAF",78,0.212435971583744,1.52776274045966e-06,NA
"LIV",98,"NPC1L1","EPDR1","VAF",78,0.211523459652934,1.69767613063721e-06,NA
"LIV",98,"RDH11","EPDR1","VAF",78,0.210009418224727,2.02023236603966e-06,NA
"LIV",98,"ACAT2","EPDR1","VAF",78,0.208597405279967,2.37333735708456e-06,NA
"LIV",98,"TIMM10B","EPDR1","VAF",78,0.20714786023812,2.79691288086525e-06,NA
"LIV",98,"RP11-297N6.4","EPDR1","VAF",78,0.200744413531375,5.6980451225277e-06,NA
"LIV",98,"SCD","EPDR1","VAF",78,0.197746405288276,7.8898251557797e-06,7.00644105625394e-10
"LIV",98,"PCSK9","EPDR1","VAF",78,0.196598391211518,8.92540622801784e-06,2.64487723879423e-17
"LIV",98,"MSMO1","EPDR1","VAF",78,0.195957183093408,9.5589078713138e-06,NA
"LIV",98,"RP11-159F24.2","EPDR1","VAF",78,0.194277636449144,1.1427582142298e-05,NA
"LIV",98,"C14orf1","EPDR1","VAF",78,0.194237734509628,1.14759485152548e-05,2.46883021079664e-40
"LIV",98,"CYB5B","EPDR1","VAF",78,0.193197517391157,1.28077867205361e-05,NA
"LIV",98,"CTD-2235C13.3","EPDR1","VAF",78,0.192281096195662,1.410178992634e-05,NA
"LIV",98,"VPS37D","EPDR1","VAF",78,0.187991080499638,2.19958499342153e-05,NA
"LIV",98,"DHCR7","EPDR1","VAF",78,0.186068247194918,2.67598524305057e-05,NA
"LIV",98,"DHCR24","EPDR1","VAF",78,0.182009552450405,4.02151027390265e-05,NA
"LIV",98,"NEK8","EPDR1","VAF",78,0.180637703528605,4.60599597128477e-05,NA
"LIV",98,"LSS","EPDR1","VAF",78,0.18034858873217,4.73902051758206e-05,2.15988612570114e-11
"LIV",98,"TLCD1","EPDR1","VAF",78,0.172115801761651,0.000104654218854279,NA
"LIV",98,"C2orf82","EPDR1","VAF",78,0.172014914661533,0.000105651864599601,NA
"LIV",98,"TMEM97","EPDR1","VAF",78,0.17088167705497,0.000117490308877263,NA
"LIV",98,"EBP","EPDR1","VAF",78,0.168175827895511,0.00015099352353917,1.31030044084685e-32
"LIV",98,"SC5D","EPDR1","VAF",78,0.167247157175881,0.00016442641632684,NA
"LIV",98,"ACLY","EPDR1","VAF",78,0.162541034048179,0.000251510005328967,1.2441778011513e-18
"LIV",98,"RP5-821D11.7","EPDR1","VAF",78,0.156492086699808,0.000427098775074756,NA
"LIV",98,"RP4-639F20.1","EPDR1","VAF",78,0.156381718445769,0.000431170201323195,NA
"LIV",98,"CETN2","EPDR1","VAF",78,0.151118169955946,0.000673015462253005,NA
"LIV",98,"TM7SF2","EPDR1","VAF",78,0.150585334933454,0.00070349346585516,NA
"LIV",98,"IDI2-AS1","EPDR1","VAF",78,0.141484106418017,0.00146625750255113,NA
"LIV",98,"AP001469.5","EPDR1","VAF",78,0.138214257829113,0.00188974019278104,NA
"LIV",98,"SNAI3-AS1","EPDR1","VAF",78,0.136779502098029,0.00210874287507705,NA
"LIV",98,"CYP51A1P2","EPDR1","VAF",78,0.13399680396155,0.00260089582621708,NA
"LIV",98,"FLVCR1","EPDR1","VAF",78,0.128142845006,0.00399355212738535,NA
"LIV",98,"AK7","EPDR1","VAF",78,0.11824105225824,0.00794046885765044,NA
"LIV",98,"MRPS27","EPDR1","VAF",78,0.11456858701225,0.0101234073628258,NA
"LIV",98,"NPC1","EPDR1","VAF",78,0.10933833288709,0.0141488544348818,NA
"LIV",98,"PGD","EPDR1","VAF",78,0.108167757051599,0.0152226174378603,NA
"LIV",98,"AACS","EPDR1","VAF",78,0.10290258513353,0.0209850679966976,NA
"LIV",98,"TMEM55B","EPDR1","VAF",78,0.0957984700425728,0.0317032025999001,NA
"LIV",98,"AC144652.1","EPDR1","VAF",78,0.0778586587905663,0.0810733115237244,NA
"LIV",98,"TKT","EPDR1","VAF",78,0.0773849691380743,0.0829452945403288,NA
"LIV",98,"RAB5B","EPDR1","VAF",78,0.0367244424383013,0.411150058823315,NA
"LIV",98,"FAM213A","EGFL6","SF",78,0.358397795720546,1.43293013812486e-16,NA
"LIV",98,"ADIPOR2","EGFL6","SF",78,0.306013415323045,2.80854889704236e-12,NA
"LIV",98,"SQLE","EGFL6","SF",78,0.284348162893262,9.80322059076734e-11,NA
"LIV",98,"ACACA","EGFL6","SF",78,0.274375787651598,4.55406930204397e-10,NA
"LIV",98,"TMCO6","EGFL6","SF",78,-0.266819412041461,1.40009682086865e-09,1.35066712165259e-19
"LIV",98,"PI4K2A","EGFL6","SF",78,0.262162401248376,2.74965817243163e-09,NA
"LIV",98,"FADS2","EGFL6","SF",78,0.261039389899444,3.22935351102587e-09,NA
"LIV",98,"HMGCS1","EGFL6","SF",78,0.255329625507186,7.22987232919627e-09,5.58412653354701e-30
"LIV",98,"ELOVL5","EGFL6","SF",78,0.255238662889573,7.32214959401602e-09,3.80097933647115e-08
"LIV",98,"TM7SF2","EGFL6","SF",78,0.249625076386341,1.58651610169011e-08,NA
"LIV",98,"ACACB","EGFL6","SF",78,0.246607981378382,2.38563541882737e-08,NA
"LIV",98,"ELOVL6","EGFL6","SF",78,0.24454212007013,3.14468022752345e-08,NA
"LIV",98,"HSD17B7","EGFL6","SF",78,0.237565170980398,7.84884334533776e-08,3.2370696429958e-23
"LIV",98,"IDI1","EGFL6","SF",78,0.237180482956185,8.24807851874877e-08,NA
"LIV",98,"TDRKH","EGFL6","SF",78,0.232915728705899,1.42154677207998e-07,NA
"LIV",98,"SREBF2","EGFL6","SF",78,0.232589014090211,1.48144552074614e-07,5.81378709234782e-05
"LIV",98,"NSDHL","EGFL6","SF",78,0.231777873894657,1.64086549716716e-07,NA
"LIV",98,"MVD","EGFL6","SF",78,0.227774450584776,2.70252291123527e-07,1.02325892218297e-27
"LIV",98,"CYP51A1","EGFL6","SF",78,0.227081533892639,2.94357379817282e-07,NA
"LIV",98,"PNPLA3","EGFL6","SF",78,0.2269602316561,2.98784810001635e-07,NA
"LIV",98,"FDFT1","EGFL6","SF",78,0.224664041602103,3.95739408138746e-07,2.12173714047761e-23
"LIV",98,"HSD17B7P2","EGFL6","SF",78,0.218780184263449,8.02206351388463e-07,NA
"VAF",98,"GSR","EGFL6","SF",78,0.22276218934515,8.23017384924269e-07,NA
"LIV",98,"FDPS","EGFL6","SF",78,0.216201240016547,1.08679015205228e-06,NA
"LIV",98,"RP11-159F24.2","EGFL6","SF",78,0.215226157645285,1.21781907227125e-06,NA
"LIV",98,"TLCD1","EGFL6","SF",78,0.21402277595136,1.40048726590477e-06,NA
"LIV",98,"CTD-2636A23.2","EGFL6","SF",78,0.213582758619686,1.47362140025567e-06,NA
"LIV",98,"C2orf82","EGFL6","SF",78,0.209910767157408,2.24418814269015e-06,NA
"LIV",98,"FADS1","EGFL6","SF",78,0.208859455321982,2.52793600468044e-06,NA
"LIV",98,"ALDOC","EGFL6","SF",78,0.207133138520506,3.06973217500737e-06,NA
"LIV",98,"HMGCR","EGFL6","SF",78,0.206156526177659,3.42370473356057e-06,NA
"LIV",98,"ACSS2","EGFL6","SF",78,0.205307534576719,3.76283030072007e-06,1.51196304724992e-19
"LIV",98,"RUSC1-AS1","EGFL6","SF",78,0.201526093764065,5.70347866397787e-06,3.9841649730727e-07
"LIV",98,"MVK","EGFL6","SF",78,0.198486179970275,7.92320649147217e-06,NA
"LIV",98,"VPS37D","EGFL6","SF",78,0.189878024389875,1.95629669303927e-05,NA
"LIV",98,"NPC1L1","EGFL6","SF",78,0.189388674042362,2.05698853220941e-05,NA
"LIV",98,"ACAT2","EGFL6","SF",78,0.187716219354855,2.43955290229349e-05,NA
"LIV",98,"RP4-639F20.1","EGFL6","SF",78,0.187140087670007,2.58630326780608e-05,NA
"LIV",98,"CYP51A1P2","EGFL6","SF",78,0.180123687968067,5.19419556096993e-05,NA
"LIV",98,"MMAB","EGFL6","SF",78,0.179653072316095,5.43785629155505e-05,NA
"LIV",98,"C14orf1","EGFL6","SF",78,0.177938309668976,6.42013526961429e-05,2.46883021079664e-40
"LIV",98,"MSMO1","EGFL6","SF",78,0.177529600720632,6.67781283016532e-05,NA
"LIV",98,"DHCR24","EGFL6","SF",78,0.176588410382495,7.30879240064651e-05,NA
"LIV",98,"PCSK9","EGFL6","SF",78,0.173480224283068,9.81547674541687e-05,2.64487723879423e-17
"LIV",98,"LSS","EGFL6","SF",78,0.172363734688713,0.000108988545179039,2.15988612570114e-11
"LIV",98,"CTD-2235C13.3","EGFL6","SF",78,0.169427345300082,0.000143095682828637,NA
"LIV",98,"RDH11","EGFL6","SF",78,0.169178271058915,0.00014640886853664,NA
"LIV",98,"CYB5B","EGFL6","SF",78,0.167953342047019,0.000163777178055755,NA
"LIV",98,"NEK8","EGFL6","SF",78,0.164629040790203,0.000221151481309041,NA
"LIV",98,"SC5D","EGFL6","SF",78,0.156130709430003,0.000464493022685305,NA
"LIV",98,"TMEM97","EGFL6","SF",78,0.154035493621013,0.0005546119846206,NA
"LIV",98,"CETN2","EGFL6","SF",78,0.148835350208158,0.000853040687085163,NA
"LIV",98,"TIMM10B","EGFL6","SF",78,0.146951906982257,0.000993662839861336,NA
"LIV",98,"IDI2-AS1","EGFL6","SF",78,0.143734479246832,0.00128430010901811,NA
"LIV",98,"DHCR7","EGFL6","SF",78,0.142861069971426,0.00137571625055692,NA
"LIV",98,"EBP","EGFL6","SF",78,0.142033480443282,0.00146782042501446,1.31030044084685e-32
"LIV",98,"SNAI3-AS1","EGFL6","SF",78,0.137723651974749,0.00204578523631093,NA
"LIV",98,"ACLY","EGFL6","SF",78,0.137360062940697,0.00210301349386515,1.2441778011513e-18
"LIV",98,"RP5-821D11.7","EGFL6","SF",78,0.136735859197998,0.00220468594863672,NA
"LIV",98,"AACS","EGFL6","SF",78,0.128847611354877,0.00393850392572827,NA
"LIV",98,"RP11-297N6.4","EGFL6","SF",78,0.127777492961481,0.00425110084255694,NA
"LIV",98,"FLVCR1","EGFL6","SF",78,0.125972931746238,0.00482937852049124,NA
"LIV",98,"MRPS27","EGFL6","SF",78,0.120007079416911,0.00728043219125071,NA
"LIV",98,"TMEM55B","EGFL6","SF",78,0.109390938938047,0.0144924057928495,NA
"LIV",98,"AP001469.5","EGFL6","SF",78,0.102881409612773,0.0215313514061145,NA
"LIV",98,"SCD","EGFL6","SF",78,0.0983865055598208,0.027976883673891,7.00644105625394e-10
"LIV",98,"AK7","EGFL6","SF",78,0.0863626146549766,0.0538601235811264,NA
"LIV",98,"AC144652.1","EGFL6","SF",78,0.0825542589644175,0.0653810247227106,NA
"LIV",98,"PGD","EGFL6","SF",78,0.0698292039882317,0.119267300590263,NA
"LIV",98,"NPC1","EGFL6","SF",78,0.0668738748603736,0.135758641986355,NA
"LIV",98,"TKT","EGFL6","SF",78,0.0290073351867943,0.517964806031057,NA
"LIV",98,"RAB5B","EGFL6","SF",78,0.0142066969814297,0.751567127245672,NA
"VAF",98,"GSR","C6","VAF",78,-0.435591278361072,4.33020467082224e-26,NA
"LIV",98,"ACACA","C6","VAF",78,-0.304889185829417,2.78832462120774e-12,NA
"LIV",98,"TMCO6","C6","VAF",78,0.280245738187566,1.5714483591681e-10,1.35066712165259e-19
"LIV",98,"ELOVL6","C6","VAF",78,-0.276147361434519,2.95999258487745e-10,NA
"LIV",98,"ADIPOR2","C6","VAF",78,-0.269891888855915,7.62607842171947e-10,NA
"LIV",98,"FADS2","C6","VAF",78,-0.266812247830188,1.20450824133694e-09,NA
"LIV",98,"FAM213A","C6","VAF",78,-0.262912365359464,2.13101301488685e-09,NA
"LIV",98,"ACACB","C6","VAF",78,-0.262381220155734,2.30155768578068e-09,NA
"LIV",98,"PNPLA3","C6","VAF",78,-0.253581397920774,8.03963786621527e-09,NA
"LIV",98,"SQLE","C6","VAF",78,-0.252683521968914,9.11026001141543e-09,NA
"LIV",98,"HSD17B7","C6","VAF",78,-0.24819614064539,1.68953121322981e-08,3.2370696429958e-23
"LIV",98,"MVK","C6","VAF",78,-0.245548165730998,2.41894434928101e-08,NA
"LIV",98,"FDFT1","C6","VAF",78,-0.237284409074032,7.2203973039639e-08,2.12173714047761e-23
"LIV",98,"HMGCS1","C6","VAF",78,-0.236283459192471,8.22083926702013e-08,5.58412653354701e-30
"LIV",98,"PI4K2A","C6","VAF",78,-0.235125242460838,9.54578140361765e-08,NA
"LIV",98,"CYB5B","C6","VAF",78,-0.232964407712612,1.2588825887799e-07,NA
"LIV",98,"MVD","C6","VAF",78,-0.22779428122474,2.41430542592851e-07,1.02325892218297e-27
"LIV",98,"SREBF2","C6","VAF",78,-0.227138535615435,2.61931217530101e-07,5.81378709234782e-05
"LIV",98,"NSDHL","C6","VAF",78,-0.223549916099563,4.07387650315075e-07,NA
"LIV",98,"RUSC1-AS1","C6","VAF",78,-0.22218354473906,4.81071862799771e-07,3.9841649730727e-07
"LIV",98,"TDRKH","C6","VAF",78,-0.220172041732255,6.13293782204496e-07,NA
"LIV",98,"TIMM10B","C6","VAF",78,-0.219139830660418,6.94065580079037e-07,NA
"LIV",98,"HSD17B7P2","C6","VAF",78,-0.21334071899391,1.37546012175918e-06,NA
"LIV",98,"ELOVL5","C6","VAF",78,-0.212429396731858,1.52892655963867e-06,3.80097933647115e-08
"LIV",98,"IDI1","C6","VAF",78,-0.211553948440433,1.69171756416966e-06,NA
"LIV",98,"CTD-2636A23.2","C6","VAF",78,-0.208190277172009,2.48565942536677e-06,NA
"LIV",98,"FADS1","C6","VAF",78,-0.208114795933588,2.50703538956416e-06,NA
"LIV",98,"ACLY","C6","VAF",78,-0.20781964336502,2.5923225471452e-06,1.2441778011513e-18
"LIV",98,"HMGCR","C6","VAF",78,-0.207464236567975,2.6987075469935e-06,NA
"LIV",98,"PCSK9","C6","VAF",78,-0.199162327951448,6.76984429849709e-06,2.64487723879423e-17
"LIV",98,"TLCD1","C6","VAF",78,-0.191586148049543,1.51649617821218e-05,NA
"LIV",98,"NEK8","C6","VAF",78,-0.186941869376589,2.44853464042254e-05,NA
"LIV",98,"ACSS2","C6","VAF",78,-0.184428085046205,3.15814432152185e-05,1.51196304724992e-19
"LIV",98,"ALDOC","C6","VAF",78,-0.182268249173706,3.91946700847522e-05,NA
"LIV",98,"LSS","C6","VAF",78,-0.180773447011502,4.54476424870847e-05,2.15988612570114e-11
"LIV",98,"FDPS","C6","VAF",78,-0.178765155811305,5.5343805472177e-05,NA
"LIV",98,"RP4-639F20.1","C6","VAF",78,-0.176931308664292,6.61281706654336e-05,NA
"LIV",98,"RP5-821D11.7","C6","VAF",78,-0.176810689962846,6.69029027703032e-05,NA
"LIV",98,"MMAB","C6","VAF",78,-0.176552693965164,6.85888477766105e-05,NA
"LIV",98,"RP11-159F24.2","C6","VAF",78,-0.176414575140474,6.95078145435482e-05,NA
"LIV",98,"NPC1L1","C6","VAF",78,-0.175317593149537,7.72300550227285e-05,NA
"LIV",98,"C14orf1","C6","VAF",78,-0.17455114802308,8.30979000380603e-05,2.46883021079664e-40
"LIV",98,"MSMO1","C6","VAF",78,-0.17035629974823,0.00012339201421465,NA
"LIV",98,"C2orf82","C6","VAF",78,-0.16686485777856,0.00017027545886138,NA
"LIV",98,"RDH11","C6","VAF",78,-0.165403194778078,0.000194486148535696,NA
"LIV",98,"CTD-2235C13.3","C6","VAF",78,-0.162981932075468,0.000241809547051248,NA
"LIV",98,"ACAT2","C6","VAF",78,-0.160339610498499,0.000305629230981186,NA
"LIV",98,"AACS","C6","VAF",78,-0.159589703384337,0.00032642237725386,NA
"LIV",98,"CYP51A1","C6","VAF",78,-0.158310620087806,0.000364961415513354,NA
"LIV",98,"DHCR24","C6","VAF",78,-0.155746199263688,0.000455325747869047,NA
"LIV",98,"VPS37D","C6","VAF",78,-0.155204863291969,0.000476888333091677,NA
"LIV",98,"RP11-297N6.4","C6","VAF",78,-0.150495900496473,0.000708732710320998,NA
"LIV",98,"CYP51A1P2","C6","VAF",78,-0.149876516096501,0.000746021329156684,NA
"LIV",98,"TMEM97","C6","VAF",78,-0.137547925616221,0.0019887205539974,NA
"LIV",98,"TM7SF2","C6","VAF",78,-0.135825665853064,0.00226692676324323,NA
"LIV",98,"DHCR7","C6","VAF",78,-0.125286982168494,0.00489294211109818,NA
"LIV",98,"SCD","C6","VAF",78,-0.125100511149566,0.00495757943115507,7.00644105625394e-10
"LIV",98,"FLVCR1","C6","VAF",78,-0.123666496753186,0.00548095083350014,NA
"LIV",98,"EBP","C6","VAF",78,-0.121157181193512,0.00651753181008053,1.31030044084685e-32
"LIV",98,"AP001469.5","C6","VAF",78,-0.120491183013613,0.00682067033602638,NA
"LIV",98,"CETN2","C6","VAF",78,-0.119814170991429,0.00714170891436009,NA
"LIV",98,"MRPS27","C6","VAF",78,-0.11945823852042,0.0073158592597468,NA
"LIV",98,"TMEM55B","C6","VAF",78,-0.117133887957989,0.00854952489418137,NA
"LIV",98,"IDI2-AS1","C6","VAF",78,-0.109443230968294,0.0140559665440852,NA
"LIV",98,"AC144652.1","C6","VAF",78,-0.107354167500693,0.0160104474342749,NA
"LIV",98,"AK7","C6","VAF",78,-0.10405115285603,0.0195875015679977,NA
"LIV",98,"NPC1","C6","VAF",78,-0.103943869069165,0.0197145196950632,NA
"LIV",98,"SNAI3-AS1","C6","VAF",78,-0.102458979754247,0.0215475932468802,NA
"LIV",98,"SC5D","C6","VAF",78,-0.0864778212718639,0.0525863447795941,NA
"LIV",98,"TKT","C6","VAF",78,-0.0791664204788299,0.0760821339630542,NA
"LIV",98,"PGD","C6","VAF",78,-0.0635494059583342,0.154690532291804,NA
"LIV",98,"RAB5B","C6","VAF",78,-0.0473356105421193,0.289335799984861,NA
"LIV",98,"FADS2","FSTL3","SF",78,0.34166415783458,4.14269538232877e-15,NA
"LIV",98,"FAM213A","FSTL3","SF",78,0.323197319780893,1.35036003210541e-13,NA
"LIV",98,"ALDOC","FSTL3","SF",78,0.300749060560048,6.84530844735041e-12,NA
"LIV",98,"FDPS","FSTL3","SF",78,0.288707852217534,4.91255849199995e-11,NA
"LIV",98,"CETN2","FSTL3","SF",78,0.277001668103341,3.05738438957009e-10,NA
"LIV",98,"CYB5B","FSTL3","SF",78,0.269526783437634,9.4001506152569e-10,NA
"LIV",98,"TDRKH","FSTL3","SF",78,0.268297605214394,1.1270124403332e-09,NA
"LIV",98,"ELOVL6","FSTL3","SF",78,0.26603190584298,1.57081185107175e-09,NA
"LIV",98,"ACACA","FSTL3","SF",78,0.260900704674864,3.29395198217582e-09,NA
"LIV",98,"ADIPOR2","FSTL3","SF",78,0.257948207857824,5.00789919976272e-09,NA
"LIV",98,"MMAB","FSTL3","SF",78,0.257457708426847,5.36614447626423e-09,NA
"LIV",98,"LSS","FSTL3","SF",78,0.254898010314725,7.67797820930126e-09,2.15988612570114e-11
"LIV",98,"FADS1","FSTL3","SF",78,0.253828104012365,8.90796292926855e-09,NA
"LIV",98,"ACACB","FSTL3","SF",78,0.25381788104766,8.92059005592719e-09,NA
"LIV",98,"RDH11","FSTL3","SF",78,0.250654571486354,1.37868054965852e-08,NA
"LIV",98,"EBP","FSTL3","SF",78,0.247194015828696,2.20482414002868e-08,1.31030044084685e-32
"LIV",98,"C14orf1","FSTL3","SF",78,0.237164518499788,8.26506338736253e-08,2.46883021079664e-40
"LIV",98,"TMCO6","FSTL3","SF",78,-0.232514602889708,1.49542421085631e-07,1.35066712165259e-19
"LIV",98,"ACSS2","FSTL3","SF",78,0.231268653762144,1.74926425896733e-07,1.51196304724992e-19
"LIV",98,"SQLE","FSTL3","SF",78,0.227743120191259,2.71299920101616e-07,NA
"LIV",98,"SCD","FSTL3","SF",78,0.223932303783436,4.32546460900916e-07,7.00644105625394e-10
"LIV",98,"RP11-159F24.2","FSTL3","SF",78,0.22271850481773,5.00971172629932e-07,NA
"LIV",98,"MRPS27","FSTL3","SF",78,0.217119264069857,9.75869983257804e-07,NA
"LIV",98,"CTD-2636A23.2","FSTL3","SF",78,0.217033583607666,9.85744034611809e-07,NA
"LIV",98,"NSDHL","FSTL3","SF",78,0.214492937580034,1.32619235839589e-06,NA
"LIV",98,"FDFT1","FSTL3","SF",78,0.212330504119441,1.7023374669993e-06,2.12173714047761e-23
"LIV",98,"ACAT2","FSTL3","SF",78,0.206787675113063,3.19074437656338e-06,NA
"LIV",98,"IDI1","FSTL3","SF",78,0.204162592533992,4.27130950361626e-06,NA
"LIV",98,"HSD17B7","FSTL3","SF",78,0.203428609621994,4.63112189454263e-06,3.2370696429958e-23
"VAF",98,"GSR","FSTL3","SF",78,0.202336468229484,7.90631332664529e-06,NA
"LIV",98,"PNPLA3","FSTL3","SF",78,0.197152423873098,9.13802803538462e-06,NA
"LIV",98,"HMGCS1","FSTL3","SF",78,0.196921432570827,9.3656830827864e-06,5.58412653354701e-30
"LIV",98,"SREBF2","FSTL3","SF",78,0.196777635064122,9.51012102756689e-06,5.81378709234782e-05
"LIV",98,"SC5D","FSTL3","SF",78,0.184459349270867,3.38623577632946e-05,NA
"LIV",98,"MVD","FSTL3","SF",78,0.183432162505018,3.75081291357837e-05,1.02325892218297e-27
"LIV",98,"RP4-639F20.1","FSTL3","SF",78,0.179393436432025,5.5768637736833e-05,NA
"LIV",98,"MVK","FSTL3","SF",78,0.176568229587305,7.32291826581559e-05,NA
"LIV",98,"CYP51A1","FSTL3","SF",78,0.173668519480571,9.64306925887324e-05,NA
"LIV",98,"TM7SF2","FSTL3","SF",78,0.164835558292756,0.000217099346602235,NA
"LIV",98,"PCSK9","FSTL3","SF",78,0.155366510320037,0.000495654626169696,2.64487723879423e-17
"LIV",98,"AACS","FSTL3","SF",78,0.151198346298419,0.000702644799917803,NA
"LIV",98,"TMEM97","FSTL3","SF",78,0.144728798825599,0.00118705213622065,NA
"LIV",98,"DHCR24","FSTL3","SF",78,0.144726697526488,0.00118725029772487,NA
"LIV",98,"HSD17B7P2","FSTL3","SF",78,0.143788137938933,0.00127887039522428,NA
"LIV",98,"HMGCR","FSTL3","SF",78,0.14316769965699,0.00134296212808407,NA
"LIV",98,"ACLY","FSTL3","SF",78,0.141586380447779,0.00151990426913919,1.2441778011513e-18
"LIV",98,"AP001469.5","FSTL3","SF",78,0.140181441340251,0.00169481362903854,NA
"LIV",98,"RUSC1-AS1","FSTL3","SF",78,0.138039271843093,0.00199726606613463,3.9841649730727e-07
"LIV",98,"TLCD1","FSTL3","SF",78,0.13318602245666,0.00287327734001034,NA
"LIV",98,"MSMO1","FSTL3","SF",78,0.132474114167798,0.00302777870790272,NA
"LIV",98,"TKT","FSTL3","SF",78,0.130115312777731,0.0035952107297355,NA
"LIV",98,"CYP51A1P2","FSTL3","SF",78,0.129724785791495,0.00369795628957213,NA
"LIV",98,"SNAI3-AS1","FSTL3","SF",78,0.126732524488431,0.00457782748985692,NA
"LIV",98,"TIMM10B","FSTL3","SF",78,0.126223108570053,0.00474518414335892,NA
"LIV",98,"CTD-2235C13.3","FSTL3","SF",78,0.125225142634945,0.00508913311012928,NA
"LIV",98,"DHCR7","FSTL3","SF",78,0.123757454783034,0.00563585448259647,NA
"LIV",98,"AC144652.1","FSTL3","SF",78,0.118040602713337,0.00830411960651276,NA
"LIV",98,"RP11-297N6.4","FSTL3","SF",78,0.114916076289105,0.0101960414630966,NA
"LIV",98,"NEK8","FSTL3","SF",78,0.109323133081885,0.0145537785506703,NA
"LIV",98,"AK7","FSTL3","SF",78,0.109220376837374,0.0146472212259734,NA
"LIV",98,"VPS37D","FSTL3","SF",78,0.107389874894906,0.0164024400547145,NA
"LIV",98,"PGD","FSTL3","SF",78,0.105480600665299,0.018426855901257,NA
"LIV",98,"C2orf82","FSTL3","SF",78,0.103547106260009,0.0206958209909587,NA
"LIV",98,"NPC1L1","FSTL3","SF",78,0.102111294870931,0.0225343270949242,NA
"LIV",98,"RAB5B","FSTL3","SF",78,0.0875085805939301,0.0507437680787571,NA
"LIV",98,"RP5-821D11.7","FSTL3","SF",78,0.0810997021279529,0.0702850511929473,NA
"LIV",98,"IDI2-AS1","FSTL3","SF",78,0.0608354754159464,0.174841468370575,NA
"LIV",98,"ELOVL5","FSTL3","SF",78,0.0557304543962837,0.213953369926064,3.80097933647115e-08
"LIV",98,"TMEM55B","FSTL3","SF",78,0.0502928056727212,0.26213960043148,NA
"LIV",98,"PI4K2A","FSTL3","SF",78,0.0475005779304097,0.289590987735541,NA
"LIV",98,"NPC1","FSTL3","SF",78,0.0455291834660082,0.310095966566231,NA
"LIV",98,"FLVCR1","FSTL3","SF",78,0.0269023129170738,0.548803818028268,NA
"LIV",98,"ACACB","EPDR1","SF",78,0.31309918568299,8.22801579435067e-13,NA
"LIV",98,"FADS2","EPDR1","SF",78,0.310117836229864,1.38477903895549e-12,NA
"LIV",98,"ADIPOR2","EPDR1","SF",78,0.304265737808428,3.78265075627044e-12,NA
"LIV",98,"FAM213A","EPDR1","SF",78,0.295537121133209,1.62480089530545e-11,NA
"LIV",98,"ACACA","EPDR1","SF",78,0.288293518943814,5.24865200731134e-11,NA
"LIV",98,"PNPLA3","EPDR1","SF",78,0.279852351416786,1.97421969082403e-10,NA
"VAF",98,"GSR","EPDR1","SF",78,0.281160645111531,3.59206614724718e-10,NA
"LIV",98,"ELOVL6","EPDR1","SF",78,0.258555304111659,4.59652576035279e-09,NA
"LIV",98,"FDPS","EPDR1","SF",78,0.24780116058254,2.03150945549278e-08,NA
"LIV",98,"ALDOC","EPDR1","SF",78,0.243066947706901,3.82459264756226e-08,NA
"LIV",98,"SQLE","EPDR1","SF",78,0.239880516654734,5.81215585627118e-08,NA
"LIV",98,"ACSS2","EPDR1","SF",78,0.23386155217587,1.26101806298919e-07,1.51196304724992e-19
"LIV",98,"LSS","EPDR1","SF",78,0.233528089231513,1.31550948768821e-07,2.15988612570114e-11
"LIV",98,"SREBF2","EPDR1","SF",78,0.230236391280481,1.99057193849358e-07,5.81378709234782e-05
"LIV",98,"FADS1","EPDR1","SF",78,0.218689663695739,8.1085198013533e-07,NA
"LIV",98,"MMAB","EPDR1","SF",78,0.216879493351896,1.00374359221199e-06,NA
"LIV",98,"TMCO6","EPDR1","SF",78,-0.216447974691018,1.05584413269937e-06,1.35066712165259e-19
"LIV",98,"CYP51A1","EPDR1","SF",78,0.215253572048519,1.21393652579967e-06,NA
"LIV",98,"TDRKH","EPDR1","SF",78,0.212958796061978,1.58363283376049e-06,NA
"LIV",98,"HMGCS1","EPDR1","SF",78,0.211505050686879,1.87130145021331e-06,5.58412653354701e-30
"LIV",98,"FDFT1","EPDR1","SF",78,0.209778864375069,2.27803883619127e-06,2.12173714047761e-23
"LIV",98,"RP11-159F24.2","EPDR1","SF",78,0.209451241812083,2.36424564502859e-06,NA
"LIV",98,"HSD17B7","EPDR1","SF",78,0.208251221992074,2.707450797868e-06,3.2370696429958e-23
"LIV",98,"CYP51A1P2","EPDR1","SF",78,0.205899331233196,3.52322612331573e-06,NA
"LIV",98,"VPS37D","EPDR1","SF",78,0.203473527358756,4.60829536608209e-06,NA
"LIV",98,"MVD","EPDR1","SF",78,0.203264776845466,4.71529790720991e-06,1.02325892218297e-27
"LIV",98,"CTD-2235C13.3","EPDR1","SF",78,0.19986438278009,6.83040818270354e-06,NA
"LIV",98,"RDH11","EPDR1","SF",78,0.196997360437477,9.29026239473732e-06,NA
"LIV",98,"IDI1","EPDR1","SF",78,0.196752849874197,9.53522998224896e-06,NA
"LIV",98,"MVK","EPDR1","SF",78,0.194558395364503,1.20268172838857e-05,NA
"LIV",98,"EBP","EPDR1","SF",78,0.191445980588242,1.66425430503582e-05,1.31030044084685e-32
"LIV",98,"CYB5B","EPDR1","SF",78,0.189506412105427,2.03232201127561e-05,NA
"LIV",98,"NSDHL","EPDR1","SF",78,0.189424452502375,2.04946292537903e-05,NA
"LIV",98,"TM7SF2","EPDR1","SF",78,0.18793598447404,2.38568444343948e-05,NA
"LIV",98,"CTD-2636A23.2","EPDR1","SF",78,0.187445791449831,2.50742361770135e-05,NA
"LIV",98,"C14orf1","EPDR1","SF",78,0.184250781846195,3.45743274718843e-05,2.46883021079664e-40
"LIV",98,"RP4-639F20.1","EPDR1","SF",78,0.183219072087738,3.83095993076561e-05,NA
"LIV",98,"HSD17B7P2","EPDR1","SF",78,0.182980174328233,3.92273980665072e-05,NA
"LIV",98,"NPC1L1","EPDR1","SF",78,0.173920138203269,9.41712810271086e-05,NA
"LIV",98,"PI4K2A","EPDR1","SF",78,0.171908665173279,0.000113719021102135,NA
"LIV",98,"ACAT2","EPDR1","SF",78,0.17149892697512,0.000118142827607182,NA
"LIV",98,"RUSC1-AS1","EPDR1","SF",78,0.170868670061397,0.000125264501223269,3.9841649730727e-07
"LIV",98,"PCSK9","EPDR1","SF",78,0.168839285435449,0.00015103387101407,2.64487723879423e-17
"LIV",98,"DHCR24","EPDR1","SF",78,0.158539585816871,0.00037778720741428,NA
"LIV",98,"HMGCR","EPDR1","SF",78,0.155920687030292,0.000472870361343026,NA
"LIV",98,"ELOVL5","EPDR1","SF",78,0.155550841413106,0.000487965194174839,3.80097933647115e-08
"LIV",98,"CETN2","EPDR1","SF",78,0.154815927402418,0.000519298291621538,NA
"LIV",98,"IDI2-AS1","EPDR1","SF",78,0.151104608170237,0.000708109650959847,NA
"LIV",98,"AACS","EPDR1","SF",78,0.1508919470778,0.000720653919456182,NA
"LIV",98,"ACLY","EPDR1","SF",78,0.148836160012008,0.000852984397221073,1.2441778011513e-18
"LIV",98,"SC5D","EPDR1","SF",78,0.145619133337662,0.00110577818522011,NA
"LIV",98,"C2orf82","EPDR1","SF",78,0.14327698339928,0.00133146290860663,NA
"LIV",98,"TIMM10B","EPDR1","SF",78,0.142117178555538,0.00145825436752164,NA
"LIV",98,"MRPS27","EPDR1","SF",78,0.139901558860188,0.00173179006630671,NA
"LIV",98,"SCD","EPDR1","SF",78,0.137512177781293,0.00207889510314912,7.00644105625394e-10
"LIV",98,"RP5-821D11.7","EPDR1","SF",78,0.131791106403225,0.00318307078188426,NA
"LIV",98,"DHCR7","EPDR1","SF",78,0.130096389912458,0.0036001289295934,NA
"LIV",98,"MSMO1","EPDR1","SF",78,0.129096982030785,0.00386871692924678,NA
"LIV",98,"NEK8","EPDR1","SF",78,0.128675802611558,0.0039872460823866,NA
"LIV",98,"TMEM97","EPDR1","SF",78,0.127020598694257,0.00448556446638392,NA
"LIV",98,"AC144652.1","EPDR1","SF",78,0.121630221668866,0.00652215729752887,NA
"LIV",98,"AP001469.5","EPDR1","SF",78,0.121207993486303,0.00671226927378398,NA
"LIV",98,"RP11-297N6.4","EPDR1","SF",78,0.114335196530894,0.0105872026159883,NA
"LIV",98,"SNAI3-AS1","EPDR1","SF",78,0.113871255729915,0.0109091165141599,NA
"LIV",98,"TLCD1","EPDR1","SF",78,0.0985129952216656,0.027775017678533,NA
"LIV",98,"FLVCR1","EPDR1","SF",78,0.0810140461371906,0.0705829774395903,NA
"LIV",98,"TMEM55B","EPDR1","SF",78,0.0800202876776197,0.0741155106914821,NA
"LIV",98,"TKT","EPDR1","SF",78,0.0751485157368796,0.0935713439056604,NA
"LIV",98,"NPC1","EPDR1","SF",78,0.0749917627961621,0.0942594443593746,NA
"LIV",98,"AK7","EPDR1","SF",78,0.0715914877435858,0.110205082792459,NA
"LIV",98,"PGD","EPDR1","SF",78,0.0635389214801188,0.156417234633209,NA
"LIV",98,"RAB5B","EPDR1","SF",78,0.0239978741091644,0.592785044883722,NA
"LIV",98,"FAM213A","LBP","SF",78,0.327093639349356,6.60165907657188e-14,NA
"LIV",98,"FADS2","LBP","SF",78,0.306852537798667,2.43268783181359e-12,NA
"LIV",98,"ELOVL6","LBP","SF",78,0.273827457864559,4.94655984506652e-10,NA
"LIV",98,"ALDOC","LBP","SF",78,0.272738154166908,5.82628296588177e-10,NA
"LIV",98,"ADIPOR2","LBP","SF",78,0.26543576631948,1.71332641342194e-09,NA
"LIV",98,"TMCO6","LBP","SF",78,-0.251326025873202,1.25760748576142e-08,1.35066712165259e-19
"LIV",98,"ACACA","LBP","SF",78,0.241594382833859,4.64404686971003e-08,NA
"LIV",98,"FDPS","LBP","SF",78,0.241583336209178,4.65079294042114e-08,NA
"LIV",98,"RDH11","LBP","SF",78,0.238179139711551,7.25002512312173e-08,NA
"LIV",98,"FADS1","LBP","SF",78,0.229186646486872,2.26872176441634e-07,NA
"VAF",98,"GSR","LBP","SF",78,0.229220745053855,3.84190173107319e-07,NA
"LIV",98,"MVD","LBP","SF",78,0.223094264661176,4.78747540109669e-07,1.02325892218297e-27
"LIV",98,"MMAB","LBP","SF",78,0.222777416116829,4.97422576972609e-07,NA
"LIV",98,"ACSS2","LBP","SF",78,0.214826556333635,1.27578229652167e-06,1.51196304724992e-19
"LIV",98,"MVK","LBP","SF",78,0.211572956856142,1.85681641350514e-06,NA
"LIV",98,"ACACB","LBP","SF",78,0.209688010741404,2.30163864126822e-06,NA
"LIV",98,"EBP","LBP","SF",78,0.209420712328634,2.3724359883275e-06,1.31030044084685e-32
"LIV",98,"IDI1","LBP","SF",78,0.207526798770721,2.93718790041522e-06,NA
"LIV",98,"CYP51A1","LBP","SF",78,0.207428686363346,2.96970034684227e-06,NA
"LIV",98,"HMGCS1","LBP","SF",78,0.206030066617505,3.47229752227771e-06,5.58412653354701e-30
"LIV",98,"ELOVL5","LBP","SF",78,0.204679695773592,4.0340218420502e-06,3.80097933647115e-08
"LIV",98,"NSDHL","LBP","SF",78,0.203589089334942,4.55006127018887e-06,NA
"LIV",98,"SCD","LBP","SF",78,0.203193459573933,4.75239483248149e-06,7.00644105625394e-10
"LIV",98,"SQLE","LBP","SF",78,0.202830373334471,4.94562252375541e-06,NA
"LIV",98,"RP4-639F20.1","LBP","SF",78,0.200581623106749,6.32014395146787e-06,NA
"LIV",98,"LSS","LBP","SF",78,0.200315114073077,6.50534763675914e-06,2.15988612570114e-11
"LIV",98,"TDRKH","LBP","SF",78,0.199506112679795,7.09977775405561e-06,NA
"LIV",98,"PGD","LBP","SF",78,0.198702969306848,7.74090881975503e-06,NA
"LIV",98,"CYB5B","LBP","SF",78,0.198536351353529,7.88065711443672e-06,NA
"LIV",98,"FDFT1","LBP","SF",78,0.197915764860989,8.4226187342306e-06,2.12173714047761e-23
"LIV",98,"ACAT2","LBP","SF",78,0.197799745937042,8.52780254943405e-06,NA
"LIV",98,"SC5D","LBP","SF",78,0.195394189257408,1.10124640969377e-05,NA
"LIV",98,"TM7SF2","LBP","SF",78,0.194154871443729,1.25477961885545e-05,NA
"LIV",98,"ACLY","LBP","SF",78,0.18876280274761,2.19295323264431e-05,1.2441778011513e-18
"LIV",98,"DHCR24","LBP","SF",78,0.188553252370547,2.24035132770559e-05,NA
"LIV",98,"SREBF2","LBP","SF",78,0.187779947403109,2.42381437393691e-05,5.81378709234782e-05
"LIV",98,"TLCD1","LBP","SF",78,0.187688913245906,2.44632614755345e-05,NA
"LIV",98,"HSD17B7","LBP","SF",78,0.183747785610299,3.63501218111748e-05,3.2370696429958e-23
"LIV",98,"PNPLA3","LBP","SF",78,0.18314253330018,3.86014107477449e-05,NA
"LIV",98,"CTD-2636A23.2","LBP","SF",78,0.178747134387145,5.93760684549509e-05,NA
"LIV",98,"PI4K2A","LBP","SF",78,0.178305895096172,6.19642584726934e-05,NA
"LIV",98,"C14orf1","LBP","SF",78,0.177927448012275,6.42686011122616e-05,2.46883021079664e-40
"LIV",98,"PCSK9","LBP","SF",78,0.17501706109735,8.48912151759341e-05,2.64487723879423e-17
"LIV",98,"CTD-2235C13.3","LBP","SF",78,0.17245413409313,0.00010807114807566,NA
"LIV",98,"MRPS27","LBP","SF",78,0.170802065463672,0.00012604023652051,NA
"LIV",98,"NEK8","LBP","SF",78,0.161943197246585,0.000280721990335856,NA
"LIV",98,"C2orf82","LBP","SF",78,0.161347747411743,0.000295817963135613,NA
"LIV",98,"HMGCR","LBP","SF",78,0.160291146351457,0.000324486548692674,NA
"LIV",98,"AACS","LBP","SF",78,0.159963814902575,0.000333881034860315,NA
"LIV",98,"RP11-159F24.2","LBP","SF",78,0.154764622718538,0.000521554030807439,NA
"LIV",98,"CETN2","LBP","SF",78,0.15182797256991,0.000666938882820454,NA
"LIV",98,"TKT","LBP","SF",78,0.149701331224411,0.000794769623438533,NA
"LIV",98,"DHCR7","LBP","SF",78,0.149009036156089,0.000841046007035853,NA
"LIV",98,"HSD17B7P2","LBP","SF",78,0.147701673927275,0.000935299384455543,NA
"LIV",98,"RP11-297N6.4","LBP","SF",78,0.137266411043876,0.0021179893281406,NA
"LIV",98,"TIMM10B","LBP","SF",78,0.136782568725325,0.00219692503242836,NA
"LIV",98,"TMEM97","LBP","SF",78,0.136068784280331,0.00231829003880532,NA
"LIV",98,"SNAI3-AS1","LBP","SF",78,0.13237859724514,0.00304907331577228,NA
"LIV",98,"MSMO1","LBP","SF",78,0.132306620431472,0.00306520974981327,NA
"LIV",98,"CYP51A1P2","LBP","SF",78,0.122922725218847,0.00596984392171733,NA
"LIV",98,"VPS37D","LBP","SF",78,0.120159027464292,0.00720624249748564,NA
"LIV",98,"AC144652.1","LBP","SF",78,0.117860881075175,0.00840379547360916,NA
"LIV",98,"RUSC1-AS1","LBP","SF",78,0.117612036531262,0.00854356881840287,3.9841649730727e-07
"LIV",98,"AK7","LBP","SF",78,0.115686919544246,0.00969678726497576,NA
"LIV",98,"IDI2-AS1","LBP","SF",78,0.0982788555686019,0.0281496751903841,NA
"LIV",98,"NPC1L1","LBP","SF",78,0.0974717497274132,0.0294746283978206,NA
"LIV",98,"FLVCR1","LBP","SF",78,0.0917919882535815,0.0403972125276313,NA
"LIV",98,"AP001469.5","LBP","SF",78,0.0891851164032081,0.0464569636903138,NA
"LIV",98,"RP5-821D11.7","LBP","SF",78,0.0691936690304758,0.122674686097102,NA
"LIV",98,"TMEM55B","LBP","SF",78,0.0656069176445894,0.143344533981934,NA
"LIV",98,"NPC1","LBP","SF",78,0.0537876447689621,0.230380210476154,NA
"LIV",98,"RAB5B","LBP","SF",78,0.00953863071769767,0.831680057528183,NA
"LIV",98,"SQLE","OVOS2","VAF",78,-0.264286456144293,1.74478585730469e-09,NA
"LIV",98,"PI4K2A","OVOS2","VAF",78,-0.252856247562917,8.89410592896296e-09,NA
"LIV",98,"ACACA","OVOS2","VAF",78,-0.252166937187346,9.78755214387114e-09,NA
"LIV",98,"MVD","OVOS2","VAF",78,-0.252038824750679,9.96292667390337e-09,1.02325892218297e-27
"LIV",98,"FDFT1","OVOS2","VAF",78,-0.251226570025641,1.11478001113772e-08,2.12173714047761e-23
"LIV",98,"HMGCS1","OVOS2","VAF",78,-0.248266259857122,1.67345721604796e-08,5.58412653354701e-30
"LIV",98,"TDRKH","OVOS2","VAF",78,-0.247955032574361,1.74595114286135e-08,NA
"LIV",98,"ADIPOR2","OVOS2","VAF",78,-0.245548125324057,2.41895752015605e-08,NA
"LIV",98,"HSD17B7","OVOS2","VAF",78,-0.244296883100592,2.86189213704894e-08,3.2370696429958e-23
"LIV",98,"HSD17B7P2","OVOS2","VAF",78,-0.242872492408136,3.46177132569064e-08,NA
"LIV",98,"NSDHL","OVOS2","VAF",78,-0.241891005222538,3.94407911190839e-08,NA
"LIV",98,"TMCO6","OVOS2","VAF",78,0.241681054669914,4.05537792124457e-08,1.35066712165259e-19
"LIV",98,"TIMM10B","OVOS2","VAF",78,-0.241641892109007,4.07647207747258e-08,NA
"LIV",98,"HMGCR","OVOS2","VAF",78,-0.230876256525443,1.64062105755175e-07,NA
"LIV",98,"IDI1","OVOS2","VAF",78,-0.225337482923994,3.27231555791841e-07,NA
"LIV",98,"PCSK9","OVOS2","VAF",78,-0.217422202776703,8.51599263242952e-07,2.64487723879423e-17
"VAF",98,"GSR","OVOS2","VAF",78,-0.210696378050974,9.1969628873859e-07,NA
"LIV",98,"SREBF2","OVOS2","VAF",78,-0.214405079052843,1.21489974447283e-06,5.81378709234782e-05
"LIV",98,"RUSC1-AS1","OVOS2","VAF",78,-0.212337066444016,1.54536003671363e-06,3.9841649730727e-07
"LIV",98,"ELOVL6","OVOS2","VAF",78,-0.209313719534284,2.18740713719583e-06,NA
"LIV",98,"CTD-2235C13.3","OVOS2","VAF",78,-0.203647999047853,4.13811817519898e-06,NA
"LIV",98,"CTD-2636A23.2","OVOS2","VAF",78,-0.200830489411694,5.64464163862203e-06,NA
"LIV",98,"MSMO1","OVOS2","VAF",78,-0.200707312115047,5.72121210747079e-06,NA
"LIV",98,"ELOVL5","OVOS2","VAF",78,-0.199412262752639,6.5885982497985e-06,3.80097933647115e-08
"LIV",98,"PNPLA3","OVOS2","VAF",78,-0.199342304890887,6.63885791578749e-06,NA
"LIV",98,"DHCR24","OVOS2","VAF",78,-0.197971937425809,7.70031703306855e-06,NA
"LIV",98,"C14orf1","OVOS2","VAF",78,-0.195445622481864,1.0094800716025e-05,2.46883021079664e-40
"LIV",98,"ACLY","OVOS2","VAF",78,-0.193083921665515,1.29618248449457e-05,1.2441778011513e-18
"LIV",98,"MVK","OVOS2","VAF",78,-0.187757088105636,2.25293077780736e-05,NA
"LIV",98,"TLCD1","OVOS2","VAF",78,-0.187665144114542,2.27422633676411e-05,NA
"LIV",98,"RP11-297N6.4","OVOS2","VAF",78,-0.181214467336848,4.35109638529613e-05,NA
"LIV",98,"ACAT2","OVOS2","VAF",78,-0.179300732335498,5.2522196733059e-05,NA
"LIV",98,"DHCR7","OVOS2","VAF",78,-0.179132706132286,5.3392447872501e-05,NA
"LIV",98,"FAM213A","OVOS2","VAF",78,-0.177911704607274,6.01378020367768e-05,NA
"LIV",98,"ACACB","OVOS2","VAF",78,-0.177166175507958,6.46438503452511e-05,NA
"LIV",98,"RDH11","OVOS2","VAF",78,-0.177073832701505,6.52236515501308e-05,NA
"LIV",98,"CYP51A1","OVOS2","VAF",78,-0.174246357823532,8.5546079743037e-05,NA
"LIV",98,"NEK8","OVOS2","VAF",78,-0.172041830774055,0.000105384826723796,NA
"LIV",98,"ACSS2","OVOS2","VAF",78,-0.170890508124905,0.000117393413507918,1.51196304724992e-19
"LIV",98,"RP11-159F24.2","OVOS2","VAF",78,-0.168880814132311,0.000141491459989724,NA
"LIV",98,"CYB5B","OVOS2","VAF",78,-0.163656287668199,0.000227647270206196,NA
"LIV",98,"ALDOC","OVOS2","VAF",78,-0.16236882197705,0.000255396827939318,NA
"LIV",98,"NPC1L1","OVOS2","VAF",78,-0.161786168991709,0.000268967712087217,NA
"LIV",98,"SC5D","OVOS2","VAF",78,-0.157447004834773,0.000393337326633754,NA
"LIV",98,"IDI2-AS1","OVOS2","VAF",78,-0.151960697539446,0.000627310803554008,NA
"LIV",98,"TM7SF2","OVOS2","VAF",78,-0.151358780184343,0.000659657768436359,NA
"LIV",98,"FADS1","OVOS2","VAF",78,-0.149217255312724,0.000787700474706655,NA
"LIV",98,"MMAB","OVOS2","VAF",78,-0.145802031461639,0.00104026644594263,NA
"LIV",98,"PGD","OVOS2","VAF",78,-0.140947949180378,0.00152910396713223,NA
"LIV",98,"RP4-639F20.1","OVOS2","VAF",78,-0.136206136844598,0.00220257361306869,NA
"LIV",98,"NPC1","OVOS2","VAF",78,-0.135416862107052,0.00233798242295488,NA
"LIV",98,"MRPS27","OVOS2","VAF",78,-0.134193908614641,0.00256286004170771,NA
"LIV",98,"TMEM97","OVOS2","VAF",78,-0.131597320878723,0.00310701896241452,NA
"LIV",98,"C2orf82","OVOS2","VAF",78,-0.129060960892862,0.00373795008916005,NA
"LIV",98,"AACS","OVOS2","VAF",78,-0.125563985784592,0.00479832566833744,NA
"LIV",98,"FADS2","OVOS2","VAF",78,-0.122373968885151,0.00599473871926364,NA
"LIV",98,"RP5-821D11.7","OVOS2","VAF",78,-0.121067253113784,0.00655774559413836,NA
"LIV",98,"FDPS","OVOS2","VAF",78,-0.121055683231296,0.00656293550176128,NA
"LIV",98,"SNAI3-AS1","OVOS2","VAF",78,-0.118917812917038,0.00758754555610038,NA
"LIV",98,"LSS","OVOS2","VAF",78,-0.117586362184508,0.00829575685005918,2.15988612570114e-11
"LIV",98,"AK7","OVOS2","VAF",78,-0.115598478772009,0.00946301234224101,NA
"LIV",98,"FLVCR1","OVOS2","VAF",78,-0.115460019532172,0.00954950760189564,NA
"LIV",98,"TMEM55B","OVOS2","VAF",78,-0.113383107921535,0.010933958760021,NA
"LIV",98,"AP001469.5","OVOS2","VAF",78,-0.0962264113956441,0.0309454491336028,NA
"LIV",98,"TKT","OVOS2","VAF",78,-0.093735421299296,0.0355826200249347,NA
"LIV",98,"CYP51A1P2","OVOS2","VAF",78,-0.0887788813801642,0.046582127104034,NA
"LIV",98,"EBP","OVOS2","VAF",78,-0.0873031789128703,0.0503624676058593,1.31030044084685e-32
"LIV",98,"CETN2","OVOS2","VAF",78,-0.0765314034985679,0.0864065702999863,NA
"LIV",98,"VPS37D","OVOS2","VAF",78,-0.0715213478070409,0.109129512935345,NA
"LIV",98,"RAB5B","OVOS2","VAF",78,-0.0644814105071809,0.148718607940375,NA
"LIV",98,"SCD","OVOS2","VAF",78,-0.054510492162396,0.222309952832769,7.00644105625394e-10
"LIV",98,"AC144652.1","OVOS2","VAF",78,-0.0434168286265236,0.331163182608012,NA
"VAF",98,"GSR","FCN2","VAF",78,-0.278557230513481,5.91399311222326e-11,NA
"LIV",98,"ACACA","FCN2","VAF",78,-0.280905691063882,1.4177299656325e-10,NA
"LIV",98,"SQLE","FCN2","VAF",78,-0.268641441940331,9.18770090841932e-10,NA
"LIV",98,"HSD17B7P2","FCN2","VAF",78,-0.2629569028077,2.117283845879e-09,NA
"LIV",98,"NSDHL","FCN2","VAF",78,-0.260538787718406,3.00212922135307e-09,NA
"LIV",98,"FDFT1","FCN2","VAF",78,-0.25961107831926,3.4292811848324e-09,2.12173714047761e-23
"LIV",98,"HSD17B7","FCN2","VAF",78,-0.257899378657381,4.37733567219034e-09,3.2370696429958e-23
"LIV",98,"ACACB","FCN2","VAF",78,-0.256451864275009,5.3735239539952e-09,NA
"LIV",98,"HMGCS1","FCN2","VAF",78,-0.252505466666004,9.33841058870434e-09,5.58412653354701e-30
"LIV",98,"PNPLA3","FCN2","VAF",78,-0.247124395561055,1.95463263133724e-08,NA
"LIV",98,"HMGCR","FCN2","VAF",78,-0.240589199441619,4.68493353312964e-08,NA
"LIV",98,"ADIPOR2","FCN2","VAF",78,-0.238480377622797,6.17867769808993e-08,NA
"LIV",98,"FAM213A","FCN2","VAF",78,-0.235466052979803,9.13588651075335e-08,NA
"LIV",98,"TMCO6","FCN2","VAF",78,0.235434225461336,9.1734346829582e-08,1.35066712165259e-19
"LIV",98,"PI4K2A","FCN2","VAF",78,-0.230400406625282,1.74207889734804e-07,NA
"LIV",98,"MVD","FCN2","VAF",78,-0.221313478875574,5.34499461077759e-07,1.02325892218297e-27
"LIV",98,"PCSK9","FCN2","VAF",78,-0.218526739683662,7.4677856472336e-07,2.64487723879423e-17
"LIV",98,"MSMO1","FCN2","VAF",78,-0.215668730758703,1.04756876164329e-06,NA
"LIV",98,"IDI1","FCN2","VAF",78,-0.215568730981162,1.05996045139429e-06,NA
"LIV",98,"TDRKH","FCN2","VAF",78,-0.212363984099651,1.54055167454352e-06,NA
"LIV",98,"CTD-2235C13.3","FCN2","VAF",78,-0.206926187825049,2.86774862075541e-06,NA
"LIV",98,"C14orf1","FCN2","VAF",78,-0.204237934743508,3.87553693023924e-06,2.46883021079664e-40
"LIV",98,"SREBF2","FCN2","VAF",78,-0.203433983456328,4.23751285705934e-06,5.81378709234782e-05
"LIV",98,"VPS37D","FCN2","VAF",78,-0.198639870513613,7.16419434871141e-06,NA
"LIV",98,"CTD-2636A23.2","FCN2","VAF",78,-0.198070622516095,7.61876663398715e-06,NA
"LIV",98,"CYB5B","FCN2","VAF",78,-0.196313685904875,9.20158858479418e-06,NA
"LIV",98,"CYP51A1","FCN2","VAF",78,-0.194628332341494,1.10107583249589e-05,NA
"LIV",98,"ELOVL5","FCN2","VAF",78,-0.191149964476035,1.58707204154774e-05,3.80097933647115e-08
"LIV",98,"MMAB","FCN2","VAF",78,-0.18836647059346,2.11649961443852e-05,NA
"LIV",98,"C2orf82","FCN2","VAF",78,-0.184434336001774,3.15615953626166e-05,NA
"LIV",98,"RUSC1-AS1","FCN2","VAF",78,-0.183709656964674,3.3943041742702e-05,3.9841649730727e-07
"LIV",98,"NPC1L1","FCN2","VAF",78,-0.182483357700832,3.83648777815643e-05,NA
"LIV",98,"TIMM10B","FCN2","VAF",78,-0.18125594943202,4.33328732830927e-05,NA
"LIV",98,"MVK","FCN2","VAF",78,-0.179455746857065,5.17312361158221e-05,NA
"LIV",98,"RP4-639F20.1","FCN2","VAF",78,-0.17597696861534,7.24966942979372e-05,NA
"LIV",98,"ACAT2","FCN2","VAF",78,-0.174628534168541,8.24869006977349e-05,NA
"LIV",98,"ELOVL6","FCN2","VAF",78,-0.174522142350189,8.33280100034899e-05,NA
"LIV",98,"DHCR24","FCN2","VAF",78,-0.173315951272359,9.34464569239948e-05,NA
"LIV",98,"ACSS2","FCN2","VAF",78,-0.17299035010338,9.63699309545651e-05,1.51196304724992e-19
"LIV",98,"RP11-297N6.4","FCN2","VAF",78,-0.172412409940732,0.0001017722301588,NA
"LIV",98,"RP5-821D11.7","FCN2","VAF",78,-0.171831217642533,0.00010749141335993,NA
"LIV",98,"AC144652.1","FCN2","VAF",78,-0.170283954913952,0.000124226175415253,NA
"LIV",98,"TM7SF2","FCN2","VAF",78,-0.16772936638777,0.000157317437803901,NA
"LIV",98,"TLCD1","FCN2","VAF",78,-0.162170732426417,0.000259937131630242,NA
"LIV",98,"DHCR7","FCN2","VAF",78,-0.162160342902631,0.00026017733439684,NA
"LIV",98,"AP001469.5","FCN2","VAF",78,-0.158195073639531,0.000368644111695413,NA
"LIV",98,"CETN2","FCN2","VAF",78,-0.156769492301462,0.000417022915466876,NA
"LIV",98,"MRPS27","FCN2","VAF",78,-0.152216153184647,0.000614032569471465,NA
"LIV",98,"CYP51A1P2","FCN2","VAF",78,-0.151622230266173,0.000645314247086614,NA
"LIV",98,"RP11-159F24.2","FCN2","VAF",78,-0.151375276794298,0.000658751008102055,NA
"LIV",98,"FDPS","FCN2","VAF",78,-0.149374067350836,0.000777595796435413,NA
"LIV",98,"RDH11","FCN2","VAF",78,-0.149248963668738,0.000785647497763362,NA
"LIV",98,"TMEM97","FCN2","VAF",78,-0.14715736879932,0.000932216817522162,NA
"LIV",98,"ALDOC","FCN2","VAF",78,-0.143104961929234,0.00129041578617587,NA
"LIV",98,"FADS1","FCN2","VAF",78,-0.142403268284763,0.00136401170945234,NA
"LIV",98,"ACLY","FCN2","VAF",78,-0.13720530088705,0.00204144207923018,1.2441778011513e-18
"LIV",98,"SC5D","FCN2","VAF",78,-0.135644873474704,0.00229810407393579,NA
"LIV",98,"EBP","FCN2","VAF",78,-0.131910480535037,0.00303623614785115,1.31030044084685e-32
"LIV",98,"NPC1","FCN2","VAF",78,-0.131521901726528,0.00312428840236023,NA
"LIV",98,"LSS","FCN2","VAF",78,-0.125790923251257,0.00472204399419915,2.15988612570114e-11
"LIV",98,"FADS2","FCN2","VAF",78,-0.125534082575844,0.00480845965834766,NA
"LIV",98,"TMEM55B","FCN2","VAF",78,-0.11634623972865,0.00900781945120717,NA
"LIV",98,"IDI2-AS1","FCN2","VAF",78,-0.115657359782225,0.00942644108378145,NA
"LIV",98,"NEK8","FCN2","VAF",78,-0.100722465545768,0.0238773619066782,NA
"LIV",98,"AK7","FCN2","VAF",78,-0.0960676600083697,0.0312247211242527,NA
"LIV",98,"AACS","FCN2","VAF",78,-0.0957032867497345,0.0318738831479667,NA
"LIV",98,"FLVCR1","FCN2","VAF",78,-0.0843018059647091,0.0588445708949037,NA
"LIV",98,"SNAI3-AS1","FCN2","VAF",78,-0.0782800045161524,0.0794370599336898,NA
"LIV",98,"RAB5B","FCN2","VAF",78,-0.0438133879225113,0.326761387032617,NA
"LIV",98,"TKT","FCN2","VAF",78,-0.0231086435185353,0.605119542309669,NA
"LIV",98,"SCD","FCN2","VAF",78,-0.00993248471145462,0.824147554644662,7.00644105625394e-10
"LIV",98,"PGD","FCN2","VAF",78,-0.00890159070198991,0.842146104261727,NA
"LIV",98,"SQLE","OVOS2","SF",78,-0.279219956204042,2.1763229994868e-10,NA
"LIV",98,"PI4K2A","OVOS2","SF",78,-0.276708121079932,3.19732460001327e-10,NA
"LIV",98,"HMGCS1","OVOS2","SF",78,-0.268011333361497,1.1754993284121e-09,5.58412653354701e-30
"LIV",98,"ELOVL5","OVOS2","SF",78,-0.256241762124972,6.36474627191586e-09,3.80097933647115e-08
"LIV",98,"HSD17B7","OVOS2","SF",78,-0.252404356662831,1.08441669085261e-08,3.2370696429958e-23
"LIV",98,"MVD","OVOS2","SF",78,-0.250841485972991,1.3438877402569e-08,1.02325892218297e-27
"LIV",98,"ADIPOR2","OVOS2","SF",78,-0.250388457816226,1.42972486746588e-08,NA
"LIV",98,"HMGCR","OVOS2","SF",78,-0.248245204520789,1.91317994379945e-08,NA
"LIV",98,"IDI1","OVOS2","SF",78,-0.247119852363157,2.22695089036211e-08,NA
"LIV",98,"TMCO6","OVOS2","SF",78,0.246581607389593,2.39410130472065e-08,1.35066712165259e-19
"LIV",98,"ACACA","OVOS2","SF",78,-0.245586718658866,2.73556915812697e-08,NA
"LIV",98,"FDFT1","OVOS2","SF",78,-0.234815506057817,1.11688699801138e-07,2.12173714047761e-23
"LIV",98,"TIMM10B","OVOS2","SF",78,-0.234419533494117,1.17467222335995e-07,NA
"LIV",98,"PCSK9","OVOS2","SF",78,-0.232848037576991,1.43376198485959e-07,2.64487723879423e-17
"LIV",98,"TDRKH","OVOS2","SF",78,-0.231627954281211,1.67208779195547e-07,NA
"LIV",98,"HSD17B7P2","OVOS2","SF",78,-0.227373247148287,2.83967157229473e-07,NA
"VAF",98,"GSR","OVOS2","SF",78,-0.229639671073561,3.6538058834342e-07,NA
"LIV",98,"FAM213A","OVOS2","SF",78,-0.225220342198082,3.69792759151303e-07,NA
"LIV",98,"NSDHL","OVOS2","SF",78,-0.225187271871048,3.7128831603983e-07,NA
"LIV",98,"MSMO1","OVOS2","SF",78,-0.21902409828826,7.79348469287339e-07,NA
"LIV",98,"PNPLA3","OVOS2","SF",78,-0.217363499640331,9.48241820885462e-07,NA
"LIV",98,"SREBF2","OVOS2","SF",78,-0.212456756267241,1.6778199663442e-06,5.81378709234782e-05
"LIV",98,"CTD-2235C13.3","OVOS2","SF",78,-0.206381507598962,3.3388572112433e-06,NA
"LIV",98,"CTD-2636A23.2","OVOS2","SF",78,-0.203710172444199,4.48979925679605e-06,NA
"LIV",98,"CYB5B","OVOS2","SF",78,-0.188713172590384,2.20409228106214e-05,NA
"LIV",98,"RUSC1-AS1","OVOS2","SF",78,-0.188188998193888,2.32506363849157e-05,3.9841649730727e-07
"LIV",98,"ACSS2","OVOS2","SF",78,-0.187299742105507,2.54481923666616e-05,1.51196304724992e-19
"LIV",98,"ACACB","OVOS2","SF",78,-0.185918569981265,2.92559643088514e-05,NA
"LIV",98,"RDH11","OVOS2","SF",78,-0.184769099127425,3.28305617465995e-05,NA
"LIV",98,"ELOVL6","OVOS2","SF",78,-0.183204825141652,3.8363758535355e-05,NA
"LIV",98,"CYP51A1","OVOS2","SF",78,-0.182242467793695,4.21946207324847e-05,NA
"LIV",98,"C14orf1","OVOS2","SF",78,-0.182031810877822,4.30801408951704e-05,2.46883021079664e-40
"LIV",98,"ACAT2","OVOS2","SF",78,-0.181989983355147,4.32580463751855e-05,NA
"LIV",98,"TLCD1","OVOS2","SF",78,-0.17863754411172,6.0009196182799e-05,NA
"LIV",98,"MVK","OVOS2","SF",78,-0.177776267329447,6.52115435463341e-05,NA
"LIV",98,"NEK8","OVOS2","SF",78,-0.177133319627283,6.93694750301124e-05,NA
"LIV",98,"FADS1","OVOS2","SF",78,-0.175313501447769,8.25353221980236e-05,NA
"LIV",98,"FLVCR1","OVOS2","SF",78,-0.162849715943576,0.000259115519828888,NA
"LIV",98,"FADS2","OVOS2","SF",78,-0.161210314417447,0.000299408248749333,NA
"LIV",98,"C2orf82","OVOS2","SF",78,-0.160995132565002,0.000305111455128223,NA
"LIV",98,"SC5D","OVOS2","SF",78,-0.160363370068611,0.000322447201076953,NA
"LIV",98,"ALDOC","OVOS2","SF",78,-0.154966479269409,0.000512731126581145,NA
"LIV",98,"ACLY","OVOS2","SF",78,-0.149959649283787,0.000778114453590118,1.2441778011513e-18
"LIV",98,"MMAB","OVOS2","SF",78,-0.149557922345919,0.000804157766494688,NA
"LIV",98,"RP4-639F20.1","OVOS2","SF",78,-0.145551112966934,0.00111180156802835,NA
"LIV",98,"FDPS","OVOS2","SF",78,-0.144789047283114,0.00118138339205244,NA
"LIV",98,"IDI2-AS1","OVOS2","SF",78,-0.144191391435298,0.00123873631309967,NA
"LIV",98,"SNAI3-AS1","OVOS2","SF",78,-0.142999575065301,0.00136083125275927,NA
"LIV",98,"CYP51A1P2","OVOS2","SF",78,-0.141047721698211,0.00158490613409679,NA
"LIV",98,"TM7SF2","OVOS2","SF",78,-0.138836633103763,0.00187934360111917,NA
"LIV",98,"RP11-159F24.2","OVOS2","SF",78,-0.138476892333019,0.00193173337607245,NA
"LIV",98,"RP11-297N6.4","OVOS2","SF",78,-0.13800360614387,0.00200269557277286,NA
"LIV",98,"DHCR24","OVOS2","SF",78,-0.135016853290879,0.00250833352872163,NA
"LIV",98,"DHCR7","OVOS2","SF",78,-0.133521935226128,0.00280289779715739,NA
"LIV",98,"TMEM97","OVOS2","SF",78,-0.132612281140047,0.00299721492920003,NA
"LIV",98,"NPC1","OVOS2","SF",78,-0.131529997169818,0.00324432551526885,NA
"LIV",98,"TMEM55B","OVOS2","SF",78,-0.129391957489887,0.00378761439357844,NA
"LIV",98,"NPC1L1","OVOS2","SF",78,-0.128383269125562,0.0040714956498132,NA
"LIV",98,"LSS","OVOS2","SF",78,-0.127242342935985,0.0044156930307884,2.15988612570114e-11
"LIV",98,"AK7","OVOS2","SF",78,-0.120781919082338,0.00690913246570007,NA
"LIV",98,"AACS","OVOS2","SF",78,-0.107074273902813,0.0167229995059396,NA
"LIV",98,"AP001469.5","OVOS2","SF",78,-0.106075028639177,0.017774388829721,NA
"LIV",98,"MRPS27","OVOS2","SF",78,-0.0985034759426805,0.0277901658896343,NA
"LIV",98,"PGD","OVOS2","SF",78,-0.0932054359598993,0.0374007161873645,NA
"LIV",98,"EBP","OVOS2","SF",78,-0.0836422763490377,0.0618996679088658,1.31030044084685e-32
"LIV",98,"CETN2","OVOS2","SF",78,-0.0772208199322487,0.0848469031056478,NA
"LIV",98,"RP5-821D11.7","OVOS2","SF",78,-0.0732946797216684,0.101970845698219,NA
"LIV",98,"AC144652.1","OVOS2","SF",78,-0.0717919171271176,0.109209719462656,NA
"LIV",98,"VPS37D","OVOS2","SF",78,-0.0693876360643355,0.121626797557114,NA
"LIV",98,"SCD","OVOS2","SF",78,-0.0630077700701799,0.159916101441953,7.00644105625394e-10
"LIV",98,"RAB5B","OVOS2","SF",78,-0.0343445695024479,0.443973057569931,NA
"LIV",98,"TKT","OVOS2","SF",78,-0.0182054769466997,0.684967994101688,NA
"LIV",98,"ACACA","SSPO","VAF",78,-0.261625094598263,2.56739286409367e-09,NA
"LIV",98,"SQLE","SSPO","VAF",78,-0.250716720645128,1.19601133295764e-08,NA
"LIV",98,"TMCO6","SSPO","VAF",78,0.249844812782022,1.3483977546505e-08,1.35066712165259e-19
"LIV",98,"HMGCS1","SSPO","VAF",78,-0.2348414488545,9.90059324405243e-08,5.58412653354701e-30
"LIV",98,"NSDHL","SSPO","VAF",78,-0.228913528980254,2.09958111152419e-07,NA
"LIV",98,"RDH11","SSPO","VAF",78,-0.227612030157669,2.46967738134603e-07,NA
"LIV",98,"FDFT1","SSPO","VAF",78,-0.226535928987073,2.82241072187471e-07,2.12173714047761e-23
"LIV",98,"HSD17B7P2","SSPO","VAF",78,-0.225489249909138,3.21173939987124e-07,NA
"LIV",98,"HMGCR","SSPO","VAF",78,-0.225048449573687,3.39073522138004e-07,NA
"VAF",98,"GSR","SSPO","VAF",78,-0.215730702477438,4.95200438645249e-07,NA
"LIV",98,"CYP51A1","SSPO","VAF",78,-0.221502046221902,5.22456924864681e-07,NA
"LIV",98,"SREBF2","SSPO","VAF",78,-0.218005719597002,7.94578507776321e-07,5.81378709234782e-05
"LIV",98,"IDI1","SSPO","VAF",78,-0.21719593860313,8.74749936103671e-07,NA
"LIV",98,"ADIPOR2","SSPO","VAF",78,-0.216544861991643,9.44785951629849e-07,NA
"LIV",98,"MVD","SSPO","VAF",78,-0.213896342727062,1.28926171065981e-06,1.02325892218297e-27
"LIV",98,"HSD17B7","SSPO","VAF",78,-0.212746340882114,1.4737799505757e-06,3.2370696429958e-23
"LIV",98,"CYB5B","SSPO","VAF",78,-0.20912788571977,2.23425665226682e-06,NA
"LIV",98,"ACAT2","SSPO","VAF",78,-0.207614381469075,2.65326430056634e-06,NA
"LIV",98,"TDRKH","SSPO","VAF",78,-0.207609564396852,2.65471081061938e-06,NA
"LIV",98,"CTD-2636A23.2","SSPO","VAF",78,-0.203897688123505,4.02497069378413e-06,NA
"LIV",98,"DHCR24","SSPO","VAF",78,-0.199899552120025,6.24845141668484e-06,NA
"LIV",98,"ELOVL6","SSPO","VAF",78,-0.193501336473857,1.24043128081184e-05,NA
"LIV",98,"ALDOC","SSPO","VAF",78,-0.190411336890314,1.71375450844563e-05,NA
"LIV",98,"TMEM97","SSPO","VAF",78,-0.18995845027955,1.79611944195234e-05,NA
"LIV",98,"C14orf1","SSPO","VAF",78,-0.189601518597705,1.86366861439551e-05,2.46883021079664e-40
"LIV",98,"TIMM10B","SSPO","VAF",78,-0.188271493494839,2.13723487036467e-05,NA
"LIV",98,"ELOVL5","SSPO","VAF",78,-0.18658548777462,2.5390121124434e-05,3.80097933647115e-08
"LIV",98,"ACSS2","SSPO","VAF",78,-0.183848171259603,3.34750879201083e-05,1.51196304724992e-19
"LIV",98,"FADS2","SSPO","VAF",78,-0.183180250333986,3.57892888815992e-05,NA
"LIV",98,"FDPS","SSPO","VAF",78,-0.183158236144772,3.58680830258051e-05,NA
"LIV",98,"ACACB","SSPO","VAF",78,-0.182823154248225,3.70878836977468e-05,NA
"LIV",98,"CYP51A1P2","SSPO","VAF",78,-0.180201809565403,4.80793701631941e-05,NA
"LIV",98,"PCSK9","SSPO","VAF",78,-0.179910555738978,4.94750245357008e-05,2.64487723879423e-17
"LIV",98,"MSMO1","SSPO","VAF",78,-0.179267875876007,5.26913077392543e-05,NA
"LIV",98,"PI4K2A","SSPO","VAF",78,-0.178783220949153,5.524634262836e-05,NA
"LIV",98,"FAM213A","SSPO","VAF",78,-0.177053052362057,6.53548016264149e-05,NA
"LIV",98,"CTD-2235C13.3","SSPO","VAF",78,-0.174996825143008,7.96366435445716e-05,NA
"LIV",98,"MMAB","SSPO","VAF",78,-0.172251596613945,0.000103325368639089,NA
"LIV",98,"TM7SF2","SSPO","VAF",78,-0.168958822298055,0.000140475255261578,NA
"LIV",98,"EBP","SSPO","VAF",78,-0.167371899328114,0.000162559052365003,1.31030044084685e-32
"LIV",98,"MVK","SSPO","VAF",78,-0.167028062844992,0.000167755006637611,NA
"LIV",98,"LSS","SSPO","VAF",78,-0.163334132063643,0.000234313212227616,2.15988612570114e-11
"LIV",98,"FADS1","SSPO","VAF",78,-0.163313071891438,0.000234755280653231,NA
"LIV",98,"DHCR7","SSPO","VAF",78,-0.160247232098505,0.00030812217369816,NA
"LIV",98,"NPC1L1","SSPO","VAF",78,-0.159645146527769,0.000324840993020457,NA
"LIV",98,"RP11-297N6.4","SSPO","VAF",78,-0.159514441867984,0.000328580529233935,NA
"LIV",98,"RUSC1-AS1","SSPO","VAF",78,-0.158968002598966,0.000344653682005714,3.9841649730727e-07
"LIV",98,"ACLY","SSPO","VAF",78,-0.158022961155313,0.000374193951099209,1.2441778011513e-18
"LIV",98,"PNPLA3","SSPO","VAF",78,-0.151685278128957,0.000641924768251692,NA
"LIV",98,"AACS","SSPO","VAF",78,-0.14646181567008,0.000986300784139943,NA
"LIV",98,"CETN2","SSPO","VAF",78,-0.142151182850544,0.00139138021575346,NA
"LIV",98,"MRPS27","SSPO","VAF",78,-0.134764210161627,0.00245564640231228,NA
"LIV",98,"SC5D","SSPO","VAF",78,-0.133697639784457,0.00265961023114061,NA
"LIV",98,"PGD","SSPO","VAF",78,-0.133523899035711,0.00269426074806442,NA
"LIV",98,"TLCD1","SSPO","VAF",78,-0.132156389195014,0.00298168526544116,NA
"LIV",98,"SNAI3-AS1","SSPO","VAF",78,-0.128743940193367,0.00382448214009443,NA
"LIV",98,"RP4-639F20.1","SSPO","VAF",78,-0.127391772789712,0.00421430218264308,NA
"LIV",98,"TKT","SSPO","VAF",78,-0.123615987419517,0.00550025983346319,NA
"LIV",98,"VPS37D","SSPO","VAF",78,-0.123387445161324,0.00558839557927948,NA
"LIV",98,"C2orf82","SSPO","VAF",78,-0.121528464004808,0.00635383380729829,NA
"LIV",98,"FLVCR1","SSPO","VAF",78,-0.1206168172822,0.00676253739525908,NA
"LIV",98,"IDI2-AS1","SSPO","VAF",78,-0.108282860363235,0.0151139521774675,NA
"LIV",98,"TMEM55B","SSPO","VAF",78,-0.106985281464793,0.0163792775132781,NA
"LIV",98,"AK7","SSPO","VAF",78,-0.105745853097943,0.0176735819942704,NA
"LIV",98,"NPC1","SSPO","VAF",78,-0.0988692900837268,0.0266008700681416,NA
"LIV",98,"RP11-159F24.2","SSPO","VAF",78,-0.0929177514303571,0.0372282713679025,NA
"LIV",98,"NEK8","SSPO","VAF",78,-0.0905466832165059,0.0423698321463098,NA
"LIV",98,"AP001469.5","SSPO","VAF",78,-0.0879961934763556,0.0485563840183116,NA
"LIV",98,"RP5-821D11.7","SSPO","VAF",78,-0.086769126047043,0.0517922731981627,NA
"LIV",98,"SCD","SSPO","VAF",78,-0.0760395467923203,0.0884533230854043,7.00644105625394e-10
"LIV",98,"AC144652.1","SSPO","VAF",78,-0.0541108691608831,0.225723511648695,NA
"LIV",98,"RAB5B","SSPO","VAF",78,-0.0142787335552124,0.749379116852736,NA
"LIV",98,"FAM213A","INHBB","SF",78,0.300939423451748,6.63037175457248e-12,NA
"LIV",98,"FADS2","INHBB","SF",78,0.285479709983723,8.20325369449362e-11,NA
"LIV",98,"ALDOC","INHBB","SF",78,0.275530965365406,3.82382910918015e-10,NA
"LIV",98,"ADIPOR2","INHBB","SF",78,0.272397646120196,6.1312432680044e-10,NA
"LIV",98,"ACACA","INHBB","SF",78,0.261031240168208,3.23311533997685e-09,NA
"LIV",98,"ACACB","INHBB","SF",78,0.248109317631121,1.94866409341801e-08,NA
"LIV",98,"FDPS","INHBB","SF",78,0.244065261505273,3.35055038034394e-08,NA
"VAF",98,"GSR","INHBB","SF",78,0.233125753577773,2.39726574422956e-07,NA
"LIV",98,"TDRKH","INHBB","SF",78,0.226186548472259,3.28569193179729e-07,NA
"LIV",98,"SREBF2","INHBB","SF",78,0.221681335728255,5.67579991490058e-07,5.81378709234782e-05
"LIV",98,"CETN2","INHBB","SF",78,0.221653715317677,5.69465288530771e-07,NA
"LIV",98,"TMCO6","INHBB","SF",78,-0.220691506276107,6.39032356513415e-07,1.35066712165259e-19
"LIV",98,"SQLE","INHBB","SF",78,0.217319806049268,9.53128705674068e-07,NA
"LIV",98,"LSS","INHBB","SF",78,0.216377596970543,1.06458379450505e-06,2.15988612570114e-11
"LIV",98,"ELOVL6","INHBB","SF",78,0.21619914867049,1.08705613582051e-06,NA
"LIV",98,"ACSS2","INHBB","SF",78,0.216052966421724,1.1058035991869e-06,1.51196304724992e-19
"LIV",98,"FADS1","INHBB","SF",78,0.213961703894591,1.41042580104738e-06,NA
"LIV",98,"CYB5B","INHBB","SF",78,0.207679602197869,2.88722908465082e-06,NA
"LIV",98,"AACS","INHBB","SF",78,0.201601514612983,5.65679250688316e-06,NA
"LIV",98,"EBP","INHBB","SF",78,0.200718722646689,6.22684020297519e-06,1.31030044084685e-32
"LIV",98,"TM7SF2","INHBB","SF",78,0.20036710357286,6.46881719848224e-06,NA
"LIV",98,"C14orf1","INHBB","SF",78,0.1979417558005,8.39922519334184e-06,2.46883021079664e-40
"LIV",98,"PNPLA3","INHBB","SF",78,0.195366366344603,1.10448794350954e-05,NA
"LIV",98,"CYP51A1","INHBB","SF",78,0.193134651346427,1.39624275249451e-05,NA
"LIV",98,"MMAB","INHBB","SF",78,0.192314029478686,1.52090529424513e-05,NA
"LIV",98,"HSD17B7","INHBB","SF",78,0.191054071121042,1.73309869585033e-05,3.2370696429958e-23
"LIV",98,"FDFT1","INHBB","SF",78,0.190509222292967,1.83331627734716e-05,2.12173714047761e-23
"LIV",98,"MVD","INHBB","SF",78,0.190270292834892,1.8789787766272e-05,1.02325892218297e-27
"LIV",98,"ACAT2","INHBB","SF",78,0.187918997128788,2.38980778097014e-05,NA
"LIV",98,"RDH11","INHBB","SF",78,0.187603152305909,2.46771520742744e-05,NA
"LIV",98,"NSDHL","INHBB","SF",78,0.186314099412169,2.81136554067726e-05,NA
"LIV",98,"MRPS27","INHBB","SF",78,0.18194780915063,4.34381297379989e-05,NA
"LIV",98,"DHCR24","INHBB","SF",78,0.181867565327429,4.37827295017257e-05,NA
"LIV",98,"IDI1","INHBB","SF",78,0.18102841763002,4.75446587807706e-05,NA
"LIV",98,"PI4K2A","INHBB","SF",78,0.180646904569181,4.93542196665876e-05,NA
"LIV",98,"TIMM10B","INHBB","SF",78,0.17867182070296,5.98104908482965e-05,NA
"LIV",98,"HMGCS1","INHBB","SF",78,0.175458869751231,8.14026833406628e-05,5.58412653354701e-30
"LIV",98,"ACLY","INHBB","SF",78,0.164509583773101,0.000223527583878386,1.2441778011513e-18
"LIV",98,"MVK","INHBB","SF",78,0.161491139157817,0.000292114894304235,NA
"LIV",98,"CTD-2235C13.3","INHBB","SF",78,0.159180202431391,0.000357411503017524,NA
"LIV",98,"RP4-639F20.1","INHBB","SF",78,0.158231859648522,0.000387955107761934,NA
"LIV",98,"C2orf82","INHBB","SF",78,0.15768008138666,0.000406828134031272,NA
"LIV",98,"RP11-159F24.2","INHBB","SF",78,0.152662909318964,0.000622181257142199,NA
"LIV",98,"PCSK9","INHBB","SF",78,0.150436469381009,0.000748216782422338,2.64487723879423e-17
"LIV",98,"SC5D","INHBB","SF",78,0.146564577680719,0.00102511328147837,NA
"LIV",98,"VPS37D","INHBB","SF",78,0.142915076256393,0.00136989453476479,NA
"LIV",98,"CTD-2636A23.2","INHBB","SF",78,0.142447549276489,0.00142105214483926,NA
"LIV",98,"HSD17B7P2","INHBB","SF",78,0.141688363277709,0.00150787678596306,NA
"LIV",98,"TKT","INHBB","SF",78,0.141106633164418,0.00157767481618376,NA
"LIV",98,"CYP51A1P2","INHBB","SF",78,0.135843517911216,0.00235784438496603,NA
"LIV",98,"SCD","INHBB","SF",78,0.130939340588089,0.00338685942477443,7.00644105625394e-10
"LIV",98,"TMEM97","INHBB","SF",78,0.126022659317535,0.00481253669714088,NA
"LIV",98,"DHCR7","INHBB","SF",78,0.124509982091463,0.00534926334417092,NA
"LIV",98,"NPC1L1","INHBB","SF",78,0.121201537005197,0.0067152145169937,NA
"LIV",98,"SNAI3-AS1","INHBB","SF",78,0.119898214120396,0.00733400582014765,NA
"LIV",98,"TLCD1","INHBB","SF",78,0.116810234378726,0.00900813387808203,NA
"LIV",98,"ELOVL5","INHBB","SF",78,0.115611271387981,0.00974480242064489,3.80097933647115e-08
"LIV",98,"RUSC1-AS1","INHBB","SF",78,0.114849705938275,0.010240076236849,3.9841649730727e-07
"LIV",98,"HMGCR","INHBB","SF",78,0.11378618973747,0.0109690730528839,NA
"LIV",98,"AK7","INHBB","SF",78,0.10932255065438,0.0145543067083237,NA
"LIV",98,"MSMO1","INHBB","SF",78,0.106918298783301,0.016883440305063,NA
"LIV",98,"NEK8","INHBB","SF",78,0.105714477479359,0.0181676909229056,NA
"LIV",98,"TMEM55B","INHBB","SF",78,0.0923124335404624,0.0392710747822047,NA
"LIV",98,"PGD","INHBB","SF",78,0.0891691500728646,0.0464963081766994,NA
"LIV",98,"AP001469.5","INHBB","SF",78,0.0813672474143496,0.0693611009991466,NA
"LIV",98,"AC144652.1","INHBB","SF",78,0.0626555803509443,0.16226841361103,NA
"LIV",98,"RP5-821D11.7","INHBB","SF",78,0.0544590582217016,0.224605086432006,NA
"LIV",98,"FLVCR1","INHBB","SF",78,0.0524412191198272,0.242276769851761,NA
"LIV",98,"NPC1","INHBB","SF",78,0.0523666099985864,0.242948362075123,NA
"LIV",98,"RP11-297N6.4","INHBB","SF",78,0.0502492706255054,0.262553365727126,NA
"LIV",98,"IDI2-AS1","INHBB","SF",78,0.0388920640557294,0.385979210019872,NA
"LIV",98,"RAB5B","INHBB","SF",78,0.0129957593623642,0.772131868095842,NA
"LIV",98,"ACACA","STC2","SF",78,0.247954277592958,1.98992794688667e-08,NA
"LIV",98,"FAM213A","STC2","SF",78,0.246746751571244,2.34156606684752e-08,NA
"LIV",98,"SQLE","STC2","SF",78,0.242678214157008,4.0261976169059e-08,NA
"LIV",98,"FADS2","STC2","SF",78,0.241136592548458,4.93169414815907e-08,NA
"VAF",98,"GSR","STC2","SF",78,0.242002124987003,7.95377365633693e-08,NA
"LIV",98,"TDRKH","STC2","SF",78,0.232143445438515,1.56706963321468e-07,NA
"LIV",98,"ACACB","STC2","SF",78,0.231919819293793,1.61182239181766e-07,NA
"LIV",98,"SREBF2","STC2","SF",78,0.215300488107148,1.20731959942202e-06,5.81378709234782e-05
"LIV",98,"CTD-2235C13.3","STC2","SF",78,0.214254953210658,1.36331332119324e-06,NA
"LIV",98,"HMGCS1","STC2","SF",78,0.212023188671283,1.76345956351354e-06,5.58412653354701e-30
"LIV",98,"FDFT1","STC2","SF",78,0.210568170476016,2.08253370618884e-06,2.12173714047761e-23
"LIV",98,"FDPS","STC2","SF",78,0.210533899694161,2.09067787756712e-06,NA
"LIV",98,"ALDOC","STC2","SF",78,0.207457661248099,2.96006301608354e-06,NA
"LIV",98,"HSD17B7","STC2","SF",78,0.205814477092408,3.55666276145425e-06,3.2370696429958e-23
"LIV",98,"MVD","STC2","SF",78,0.205382990407251,3.73143574190172e-06,1.02325892218297e-27
"LIV",98,"IDI1","STC2","SF",78,0.205362788809266,3.73981629960248e-06,NA
"LIV",98,"PNPLA3","STC2","SF",78,0.204572052456902,4.08235459142814e-06,NA
"LIV",98,"ADIPOR2","STC2","SF",78,0.203950988327537,4.37220535996938e-06,NA
"LIV",98,"ELOVL6","STC2","SF",78,0.200163182139649,6.61323378478606e-06,NA
"LIV",98,"FADS1","STC2","SF",78,0.197785247698418,8.54103442163101e-06,NA
"LIV",98,"LSS","STC2","SF",78,0.193870777677745,1.29273848011043e-05,2.15988612570114e-11
"LIV",98,"CYP51A1","STC2","SF",78,0.19346027378071,1.34952179963183e-05,NA
"LIV",98,"DHCR24","STC2","SF",78,0.189638280981329,2.00502846403571e-05,NA
"LIV",98,"ACSS2","STC2","SF",78,0.18950637549571,2.03232963730927e-05,1.51196304724992e-19
"LIV",98,"NSDHL","STC2","SF",78,0.187906558955808,2.39283118419985e-05,NA
"LIV",98,"C14orf1","STC2","SF",78,0.187106521984345,2.59510605344132e-05,2.46883021079664e-40
"LIV",98,"PI4K2A","STC2","SF",78,0.184917384586076,3.23472204028124e-05,NA
"LIV",98,"TMCO6","STC2","SF",78,-0.180336957339047,5.08720563081508e-05,1.35066712165259e-19
"LIV",98,"TM7SF2","STC2","SF",78,0.179633521136804,5.4482088586451e-05,NA
"LIV",98,"ACAT2","STC2","SF",78,0.17752676625321,6.67963347112265e-05,NA
"LIV",98,"PCSK9","STC2","SF",78,0.176107118657251,7.65278108234863e-05,2.64487723879423e-17
"LIV",98,"CYB5B","STC2","SF",78,0.175347891191542,8.2266040916883e-05,NA
"LIV",98,"HSD17B7P2","STC2","SF",78,0.172088252012152,0.000111829596969671,NA
"LIV",98,"RDH11","STC2","SF",78,0.171921253620489,0.000113585606401643,NA
"LIV",98,"MVK","STC2","SF",78,0.168499784651506,0.000155803076584365,NA
"LIV",98,"RUSC1-AS1","STC2","SF",78,0.165568729733429,0.000203268066639748,3.9841649730727e-07
"LIV",98,"CTD-2636A23.2","STC2","SF",78,0.165374540782288,0.000206848820412139,NA
"LIV",98,"DHCR7","STC2","SF",78,0.164764161095245,0.000218492323646416,NA
"LIV",98,"HMGCR","STC2","SF",78,0.164536730641621,0.000222985520869067,NA
"LIV",98,"C2orf82","STC2","SF",78,0.163132844885056,0.000252692527950245,NA
"LIV",98,"TLCD1","STC2","SF",78,0.162691926870145,0.000262760990009797,NA
"LIV",98,"ACLY","STC2","SF",78,0.16262407922805,0.000264343194950439,1.2441778011513e-18
"LIV",98,"MMAB","STC2","SF",78,0.157385196834091,0.000417261578913397,NA
"LIV",98,"RP11-159F24.2","STC2","SF",78,0.156007985293911,0.000469371301378857,NA
"LIV",98,"CETN2","STC2","SF",78,0.15257259387664,0.000626884716428684,NA
"LIV",98,"AACS","STC2","SF",78,0.148748681324275,0.00085908497630471,NA
"LIV",98,"EBP","STC2","SF",78,0.144659363155062,0.00119361637293598,1.31030044084685e-32
"LIV",98,"TIMM10B","STC2","SF",78,0.143291002371464,0.0013299943557389,NA
"LIV",98,"RP4-639F20.1","STC2","SF",78,0.138994058409272,0.0018568293951632,NA
"LIV",98,"NEK8","STC2","SF",78,0.138401753774466,0.00194284334928561,NA
"LIV",98,"MSMO1","STC2","SF",78,0.137222206885042,0.00212509181271331,NA
"LIV",98,"MRPS27","STC2","SF",78,0.136907079801594,0.00217635898698875,NA
"LIV",98,"ELOVL5","STC2","SF",78,0.134699135854482,0.00256846559397502,3.80097933647115e-08
"LIV",98,"SNAI3-AS1","STC2","SF",78,0.132233084910186,0.00308177577769116,NA
"LIV",98,"VPS37D","STC2","SF",78,0.130919729922426,0.00339168778933242,NA
"LIV",98,"AP001469.5","STC2","SF",78,0.130508631837253,0.00349435382371415,NA
"LIV",98,"CYP51A1P2","STC2","SF",78,0.124813493325436,0.00523743707164688,NA
"LIV",98,"SC5D","STC2","SF",78,0.12452115248686,0.00534510989752079,NA
"LIV",98,"TMEM97","STC2","SF",78,0.123210847674132,0.00585260351699455,NA
"LIV",98,"NPC1L1","STC2","SF",78,0.121496426949103,0.00658187029949327,NA
"LIV",98,"NPC1","STC2","SF",78,0.121465308782774,0.00659582849732994,NA
"LIV",98,"TMEM55B","STC2","SF",78,0.114295311685291,0.0106145427001176,NA
"LIV",98,"IDI2-AS1","STC2","SF",78,0.106327662393396,0.017503258013587,NA
"LIV",98,"RP11-297N6.4","STC2","SF",78,0.102931130405936,0.0214679493094227,NA
"LIV",98,"SCD","STC2","SF",78,0.101852537833988,0.0228802928647799,7.00644105625394e-10
"LIV",98,"TKT","STC2","SF",78,0.101326731475204,0.0235975059222261,NA
"LIV",98,"RP5-821D11.7","STC2","SF",78,0.0908430986576969,0.0425207156904225,NA
"LIV",98,"AC144652.1","STC2","SF",78,0.0874538980370142,0.0508889737600395,NA
"LIV",98,"PGD","STC2","SF",78,0.0846650291410331,0.058768009908446,NA
"LIV",98,"AK7","STC2","SF",78,0.0726304415476276,0.105122118970298,NA
"LIV",98,"FLVCR1","STC2","SF",78,0.0661772585699698,0.139890439170842,NA
"LIV",98,"RAB5B","STC2","SF",78,0.0425115299991462,0.343291101899831,NA
"LIV",98,"HSD17B7P2","NXPH4","VAF",78,-0.259412920691135,3.52788410250707e-09,NA
"LIV",98,"SQLE","NXPH4","VAF",78,-0.245939822887876,2.29448863102931e-08,NA
"LIV",98,"HSD17B7","NXPH4","VAF",78,-0.24420936088952,2.89565159087426e-08,3.2370696429958e-23
"LIV",98,"CYP51A1","NXPH4","VAF",78,-0.242099405996884,3.83652524085131e-08,NA
"LIV",98,"SC5D","NXPH4","VAF",78,-0.241752930045314,4.01693787401407e-08,NA
"LIV",98,"NSDHL","NXPH4","VAF",78,-0.241094170662325,4.38284181175133e-08,NA
"LIV",98,"TM7SF2","NXPH4","VAF",78,-0.238779889342038,5.94146184856516e-08,NA
"LIV",98,"HMGCS1","NXPH4","VAF",78,-0.234679125158348,1.0109224513562e-07,5.58412653354701e-30
"LIV",98,"FAM213A","NXPH4","VAF",78,-0.232277162877184,1.37391950792318e-07,NA
"LIV",98,"FDFT1","NXPH4","VAF",78,-0.229710719098647,1.89993183852913e-07,2.12173714047761e-23
"LIV",98,"HMGCR","NXPH4","VAF",78,-0.22784657120588,2.39864059838163e-07,NA
"LIV",98,"ACAT2","NXPH4","VAF",78,-0.22392187618897,3.89289927673058e-07,NA
"LIV",98,"IDI1","NXPH4","VAF",78,-0.223617008419978,4.04064531505176e-07,NA
"LIV",98,"RP4-639F20.1","NXPH4","VAF",78,-0.222510663248726,4.62344879898195e-07,NA
"LIV",98,"MSMO1","NXPH4","VAF",78,-0.22021915455236,6.09831532912858e-07,NA
"LIV",98,"C14orf1","NXPH4","VAF",78,-0.21997695971773,6.27832162549347e-07,2.46883021079664e-40
"LIV",98,"ADIPOR2","NXPH4","VAF",78,-0.215133259509231,1.11558189379226e-06,NA
"LIV",98,"MRPS27","NXPH4","VAF",78,-0.210173804310759,1.98255682882231e-06,NA
"VAF",98,"GSR","NXPH4","VAF",78,-0.19453124487872,6.07259633360135e-06,NA
"LIV",98,"FDPS","NXPH4","VAF",78,-0.199971275322839,6.19982290841041e-06,NA
"LIV",98,"EBP","NXPH4","VAF",78,-0.199969594968789,6.20095805083333e-06,1.31030044084685e-32
"LIV",98,"ACACA","NXPH4","VAF",78,-0.196853283201239,8.68486075691221e-06,NA
"LIV",98,"ACSS2","NXPH4","VAF",78,-0.193688358800025,1.21619902108368e-05,1.51196304724992e-19
"LIV",98,"CYB5B","NXPH4","VAF",78,-0.193161690645087,1.28561795266017e-05,NA
"LIV",98,"MVD","NXPH4","VAF",78,-0.18919922881824,1.94269241953616e-05,1.02325892218297e-27
"LIV",98,"PI4K2A","NXPH4","VAF",78,-0.185588316112531,2.80931969694816e-05,NA
"LIV",98,"MMAB","NXPH4","VAF",78,-0.181063653307748,4.41642877625547e-05,NA
"LIV",98,"SREBF2","NXPH4","VAF",78,-0.18087171551689,4.50091803092707e-05,5.81378709234782e-05
"LIV",98,"RP11-159F24.2","NXPH4","VAF",78,-0.180759422948969,4.55105444800255e-05,NA
"LIV",98,"CETN2","NXPH4","VAF",78,-0.180417805984603,4.70684627760866e-05,NA
"LIV",98,"RDH11","NXPH4","VAF",78,-0.178017361354869,5.95237258818344e-05,NA
"LIV",98,"ALDOC","NXPH4","VAF",78,-0.176643915485529,6.79882074679426e-05,NA
"LIV",98,"LSS","NXPH4","VAF",78,-0.175923577033391,7.28695480265175e-05,2.15988612570114e-11
"LIV",98,"TMEM97","NXPH4","VAF",78,-0.175403825251715,7.65948811392678e-05,NA
"LIV",98,"PCSK9","NXPH4","VAF",78,-0.173698688833583,9.01167640639962e-05,2.64487723879423e-17
"LIV",98,"RP11-297N6.4","NXPH4","VAF",78,-0.166238592683913,0.000180280529447982,NA
"LIV",98,"CYP51A1P2","NXPH4","VAF",78,-0.162350753654819,0.000255807868625771,NA
"LIV",98,"ELOVL5","NXPH4","VAF",78,-0.161806513507116,0.000268482715155209,3.80097933647115e-08
"LIV",98,"CTD-2636A23.2","NXPH4","VAF",78,-0.161517303141461,0.000275454649361334,NA
"LIV",98,"CTD-2235C13.3","NXPH4","VAF",78,-0.153297132385899,0.000560679966655576,NA
"LIV",98,"NPC1L1","NXPH4","VAF",78,-0.152979463399259,0.000575894288001783,NA
"LIV",98,"C2orf82","NXPH4","VAF",78,-0.15087948352487,0.000686513690586944,NA
"LIV",98,"AC144652.1","NXPH4","VAF",78,-0.149179388898567,0.000790158662758894,NA
"LIV",98,"PNPLA3","NXPH4","VAF",78,-0.148912960184997,0.000807656214938969,NA
"LIV",98,"RUSC1-AS1","NXPH4","VAF",78,-0.147821866080706,0.000883118957540852,3.9841649730727e-07
"LIV",98,"ACACB","NXPH4","VAF",78,-0.146400736916672,0.000991185836609756,NA
"LIV",98,"SNAI3-AS1","NXPH4","VAF",78,-0.146175506129453,0.00100939336871686,NA
"LIV",98,"DHCR24","NXPH4","VAF",78,-0.146022314106226,0.00102195316258918,NA
"LIV",98,"TIMM10B","NXPH4","VAF",78,-0.144084627097496,0.00119376732590265,NA
"LIV",98,"DHCR7","NXPH4","VAF",78,-0.142449546517276,0.00135904146794379,NA
"LIV",98,"TMCO6","NXPH4","VAF",78,0.14031400652914,0.00160659962284719,1.35066712165259e-19
"LIV",98,"TDRKH","NXPH4","VAF",78,-0.139424123121096,0.00172147166476526,NA
"LIV",98,"AACS","NXPH4","VAF",78,-0.136938099799674,0.00208344170590289,NA
"LIV",98,"VPS37D","NXPH4","VAF",78,-0.133617605755669,0.00267552130144554,NA
"LIV",98,"ELOVL6","NXPH4","VAF",78,-0.129148586195421,0.00371434744897772,NA
"LIV",98,"AK7","NXPH4","VAF",78,-0.124773872765117,0.00507266151479811,NA
"LIV",98,"MVK","NXPH4","VAF",78,-0.122692212908666,0.00586437145384376,NA
"LIV",98,"TMEM55B","NXPH4","VAF",78,-0.122625655859512,0.00589142362179512,NA
"LIV",98,"RP5-821D11.7","NXPH4","VAF",78,-0.109173156117347,0.0142962143093936,NA
"LIV",98,"AP001469.5","NXPH4","VAF",78,-0.108867519558677,0.0145724459643328,NA
"LIV",98,"FADS1","NXPH4","VAF",78,-0.102896766704841,0.0209923628251783,NA
"LIV",98,"RAB5B","NXPH4","VAF",78,-0.102850797111744,0.0210500744954236,NA
"LIV",98,"NPC1","NXPH4","VAF",78,-0.0991748884061565,0.0261341274430441,NA
"LIV",98,"FADS2","NXPH4","VAF",78,-0.0942650248421555,0.0345500858556605,NA
"LIV",98,"FLVCR1","NXPH4","VAF",78,-0.0928689350630093,0.0373285303638263,NA
"LIV",98,"IDI2-AS1","NXPH4","VAF",78,-0.087746536045712,0.049200672502722,NA
"LIV",98,"TLCD1","NXPH4","VAF",78,-0.0819158109572677,0.0664027297138042,NA
"LIV",98,"PGD","NXPH4","VAF",78,-0.0806087026966671,0.0708703749787458,NA
"LIV",98,"ACLY","NXPH4","VAF",78,-0.070832836358281,0.112590591616394,1.2441778011513e-18
"LIV",98,"TKT","NXPH4","VAF",78,-0.0546385228537521,0.221224156418939,NA
"LIV",98,"NEK8","NXPH4","VAF",78,-0.0340915437492112,0.445515207691684,NA
"LIV",98,"SCD","NXPH4","VAF",78,-0.0195002978790547,0.662619459672427,7.00644105625394e-10
"LIV",98,"ADIPOR2","CFHR1","SF",78,0.24135374964279,4.79316236234307e-08,NA
"LIV",98,"MVD","CFHR1","SF",78,0.239041578711359,6.4828489831024e-08,1.02325892218297e-27
"VAF",98,"GSR","CFHR1","SF",78,0.242563623309966,7.40672386172952e-08,NA
"LIV",98,"SQLE","CFHR1","SF",78,0.235887181085535,9.73918234482746e-08,NA
"LIV",98,"FADS2","CFHR1","SF",78,0.235056950194857,1.0830089370658e-07,NA
"LIV",98,"FAM213A","CFHR1","SF",78,0.233762887812933,1.27690989734402e-07,NA
"LIV",98,"HMGCS1","CFHR1","SF",78,0.225729179889786,3.47499287592901e-07,5.58412653354701e-30
"LIV",98,"IDI1","CFHR1","SF",78,0.223857189122052,4.36505935527211e-07,NA
"LIV",98,"ALDOC","CFHR1","SF",78,0.219966947976291,6.96734059371066e-07,NA
"LIV",98,"SREBF2","CFHR1","SF",78,0.218299366917508,8.49164610154773e-07,5.81378709234782e-05
"LIV",98,"FDFT1","CFHR1","SF",78,0.217232434297697,9.62973345533338e-07,2.12173714047761e-23
"LIV",98,"ACACB","CFHR1","SF",78,0.214941241874038,1.25888159677384e-06,NA
"LIV",98,"HSD17B7","CFHR1","SF",78,0.213288759940045,1.5245114501853e-06,3.2370696429958e-23
"LIV",98,"ACSS2","CFHR1","SF",78,0.208533665278704,2.62262358445219e-06,1.51196304724992e-19
"LIV",98,"ACACA","CFHR1","SF",78,0.208319246969456,2.68678382643172e-06,NA
"LIV",98,"NSDHL","CFHR1","SF",78,0.201396957510179,5.78427007772856e-06,NA
"LIV",98,"CYP51A1","CFHR1","SF",78,0.201167732889548,5.93037656094054e-06,NA
"LIV",98,"FADS1","CFHR1","SF",78,0.199080555047779,7.4329046861874e-06,NA
"LIV",98,"MVK","CFHR1","SF",78,0.197876066761713,8.45846948371638e-06,NA
"LIV",98,"RDH11","CFHR1","SF",78,0.197745977959866,8.57697241947291e-06,NA
"LIV",98,"RUSC1-AS1","CFHR1","SF",78,0.190575200939478,1.82089382073062e-05,3.9841649730727e-07
"LIV",98,"ACAT2","CFHR1","SF",78,0.185820841680496,2.95449104612757e-05,NA
"LIV",98,"HSD17B7P2","CFHR1","SF",78,0.18551543878781,3.046540245775e-05,NA
"LIV",98,"FDPS","CFHR1","SF",78,0.184187672336814,3.47925374436985e-05,NA
"LIV",98,"C14orf1","CFHR1","SF",78,0.184063467408414,3.52258074984608e-05,2.46883021079664e-40
"LIV",98,"MSMO1","CFHR1","SF",78,0.182036511946465,4.30601890997229e-05,NA
"LIV",98,"ELOVL5","CFHR1","SF",78,0.181958158034405,4.33938745969181e-05,3.80097933647115e-08
"LIV",98,"MMAB","CFHR1","SF",78,0.178410382539062,6.13419128437601e-05,NA
"LIV",98,"HMGCR","CFHR1","SF",78,0.177621987233185,6.61872661342251e-05,NA
"LIV",98,"PNPLA3","CFHR1","SF",78,0.173871244017655,9.46063872773099e-05,NA
"LIV",98,"CTD-2636A23.2","CFHR1","SF",78,0.172850421699626,0.000104134566623117,NA
"LIV",98,"EBP","CFHR1","SF",78,0.171297363679371,0.000120377936400656,1.31030044084685e-32
"LIV",98,"LSS","CFHR1","SF",78,0.170483312719488,0.000129815612558241,2.15988612570114e-11
"LIV",98,"NEK8","CFHR1","SF",78,0.169693558456109,0.000139632416289793,NA
"LIV",98,"ACLY","CFHR1","SF",78,0.169191512732111,0.000146230930499225,1.2441778011513e-18
"LIV",98,"RP4-639F20.1","CFHR1","SF",78,0.167017290869184,0.000178332780861773,NA
"LIV",98,"PCSK9","CFHR1","SF",78,0.166911679271038,0.000180049103511297,2.64487723879423e-17
"LIV",98,"SNAI3-AS1","CFHR1","SF",78,0.166096092927427,0.0001938344487493,NA
"LIV",98,"CTD-2235C13.3","CFHR1","SF",78,0.164429701488472,0.000225129818910085,NA
"LIV",98,"TM7SF2","CFHR1","SF",78,0.162359080334881,0.000270608667657568,NA
"LIV",98,"CYB5B","CFHR1","SF",78,0.161821999078208,0.000283735038351205,NA
"LIV",98,"SC5D","CFHR1","SF",78,0.160910690266895,0.000307377107246848,NA
"LIV",98,"DHCR7","CFHR1","SF",78,0.160517936418601,0.000318122904161559,NA
"LIV",98,"PI4K2A","CFHR1","SF",78,0.160221694657759,0.000326458969513278,NA
"LIV",98,"C2orf82","CFHR1","SF",78,0.159222203078815,0.000356112066932474,NA
"LIV",98,"TMCO6","CFHR1","SF",78,-0.159089085056328,0.000360245748815572,1.35066712165259e-19
"LIV",98,"ELOVL6","CFHR1","SF",78,0.149914353310402,0.000781011376738495,NA
"LIV",98,"NPC1L1","CFHR1","SF",78,0.145004069340563,0.00116135478880726,NA
"LIV",98,"VPS37D","CFHR1","SF",78,0.140240471430452,0.00168710796907201,NA
"LIV",98,"PGD","CFHR1","SF",78,0.131207404642829,0.00332148170574133,NA
"LIV",98,"AACS","CFHR1","SF",78,0.130879914305164,0.00340151006383038,NA
"LIV",98,"RP11-159F24.2","CFHR1","SF",78,0.128760529171777,0.0039631413165135,NA
"LIV",98,"TDRKH","CFHR1","SF",78,0.12739738512327,0.004367425156597,NA
"LIV",98,"IDI2-AS1","CFHR1","SF",78,0.125105233126939,0.00513193710331407,NA
"LIV",98,"AK7","CFHR1","SF",78,0.12394512188761,0.00556311972085246,NA
"LIV",98,"TMEM97","CFHR1","SF",78,0.123068957801514,0.00591007906186336,NA
"LIV",98,"AC144652.1","CFHR1","SF",78,0.120831745941146,0.00688584649741402,NA
"LIV",98,"DHCR24","CFHR1","SF",78,0.114432350066747,0.0105208673833839,NA
"LIV",98,"TMEM55B","CFHR1","SF",78,0.112000011616754,0.0122972564180451,NA
"LIV",98,"TIMM10B","CFHR1","SF",78,0.111113368480976,0.0130078430833722,NA
"LIV",98,"FLVCR1","CFHR1","SF",78,0.110961435631095,0.0131331757269314,NA
"LIV",98,"AP001469.5","CFHR1","SF",78,0.104144325623806,0.0199703662241102,NA
"LIV",98,"CETN2","CFHR1","SF",78,0.0982127218505437,0.0282562820194878,NA
"LIV",98,"SCD","CFHR1","SF",78,0.0966997730274112,0.03079159953323,7.00644105625394e-10
"LIV",98,"MRPS27","CFHR1","SF",78,0.0925351755348553,0.0387972905543196,NA
"LIV",98,"TLCD1","CFHR1","SF",78,0.0897214299581983,0.0451515126819492,NA
"LIV",98,"TKT","CFHR1","SF",78,0.0823843204756497,0.0659390450280513,NA
"LIV",98,"CYP51A1P2","CFHR1","SF",78,0.0798981319444698,0.0745595143455754,NA
"LIV",98,"NPC1","CFHR1","SF",78,0.0796562913223013,0.0754449310423656,NA
"LIV",98,"RP5-821D11.7","CFHR1","SF",78,0.0773607354634702,0.0842823271247266,NA
"LIV",98,"RAB5B","CFHR1","SF",78,0.0463661963144172,0.301276040524742,NA
"LIV",98,"RP11-297N6.4","CFHR1","SF",78,0.0458117225255533,0.307099930815265,NA
