"clust","SNP","gene","hgnc_symbol","tissue","beta","t-stat","p-value","adj.p-value"
"121","rs7528419","ENSG00000134243","SORT1","LIV","-1.8002","-50.553","1.1522e-203","2.4105e-198"
"88","rs7528419","ENSG00000134222","PSRC1","LIV","-1.7519","-31.141","2.7545e-121","3.8494e-117"
"218","rs7528419","ENSG00000143126","CELSR2","LIV","-0.99317","-27.468","1.4658e-103","1.1364e-99"
"177","rs114123510","ENSG00000144426","NBEAL1","AOR","0.47134","20.845","1.7075e-70","8.8774e-67"
"154","rs468224","ENSG00000100296","THOC5","AOR","-0.25906","-17.034","5.7088e-52","1.6595e-48"
"77","rs62172372","ENSG00000064989","CALCRL","AOR","-0.58894","-16.818","6.0378e-51","1.5967e-47"
"39","rs7500448","ENSG00000140945","CDH13","AOR","0.37101","16.570","8.9079e-50","2.2426e-46"
"208","rs4074793","ENSG00000213949","ITGA1","LIV","0.39773","15.300","5.9399e-44","8.5226e-41"
"74","rs71313931","ENSG00000099889","ARVCF","AOR","0.38066","15.045","1.0858e-42","2.0125e-39"
"77","rs781622","ENSG00000106868","SUSD1","LIV","-0.29802","-15.011","1.2698e-42","1.7342e-39"
"85","rs57349798","ENSG00000227920","","BLOOD","1.2056","14.456","1.6190e-39","4.1152e-36"
"10","rs1805719","ENSG00000139187","KLRG1","SF","-0.57324","-14.238","5.3795e-39","8.3778e-36"
"85","rs57349798","ENSG00000204110","LINC02520","BLOOD","1.0923","13.227","3.1622e-34","6.3158e-31"
"81","rs77420750","ENSG00000267453","LINC01835","VAF","0.91136","13.061","7.3237e-34","9.4945e-31"
"67","rs781622","ENSG00000106868","SUSD1","VAF","-0.34400","-12.998","1.3679e-33","1.7552e-30"
"10","rs781622","ENSG00000106868","SUSD1","SF","-0.35449","-12.817","8.2107e-33","1.0096e-29"
"59","rs7500448","ENSG00000140945","CDH13","MAM","0.27187","12.778","8.6621e-33","9.5578e-30"
"69","rs8023774","ENSG00000229212","","SKLM","0.97615","12.513","1.5167e-31","2.0816e-28"
"80","rs112941079","ENSG00000112902","SEMA5A","AOR","0.46099","12.342","7.5067e-31","8.1633e-28"
"199","rs3133293","ENSG00000149269","PAK1","MAM","0.14133","11.284","1.2865e-26","1.0582e-23"
"214","rs7528419","ENSG00000143106","PSMA5","LIV","-0.14000","-11.153","4.5803e-26","2.9627e-23"
"102","rs77420750","ENSG00000267453","LINC01835","SF","0.98131","10.948","3.2886e-25","2.8153e-22"
"219","rs77420750","ENSG00000267453","LINC01835","BLOOD","1.2064","10.932","5.7346e-25","6.6945e-22"
"77","rs6860540","ENSG00000172548","NIPAL4","SF","0.70909","10.880","6.0699e-25","5.1261e-22"
"218","rs57349798","ENSG00000204110","LINC02520","LIV","0.63122","10.522","1.2799e-23","7.2445e-21"
"122","rs781622","ENSG00000106868","SUSD1","AOR","-0.21158","-10.387","4.4266e-23","3.1694e-20"
"102","rs7950678","ENSG00000132740","IGHMBP2","LIV","-0.26846","-10.329","6.8538e-23","3.7069e-20"
"5","rs71331765","ENSG00000129055","ANAPC13","LIV","0.19386","10.265","1.1981e-22","6.3866e-20"
"155","rs4472337","ENSG00000065060","UHRF1BP1","SF","-0.29721","-10.211","2.0919e-22","1.5073e-19"
"9","rs1805719","ENSG00000139187","KLRG1","VAF","-0.37296","-9.8908","3.1412e-21","2.2995e-18"
"13","rs28451064","ENSG00000198743","SLC5A3","AOR","-0.31475","-9.7183","1.2878e-20","7.8990e-18"
"216","rs57349798","ENSG00000198937","CCDC167","BLOOD","-0.33973","-9.6779","2.4405e-20","2.1292e-17"
"88","rs2820315","ENSG00000163431","LMOD1","SF","0.37135","9.6324","2.7111e-20","1.6885e-17"
"9","rs17712139","ENSG00000165895","ARHGAP42","MAM","0.26204","9.4940","7.5042e-20","4.0663e-17"
"13","rs6883598","ENSG00000138829","FBN2","AOR","-0.81991","-9.4193","1.5022e-19","8.5464e-17"
"88","rs298450","ENSG00000158022","TRIM63","LIV","-0.99645","-9.3574","2.3819e-19","1.0323e-16"
"53","rs11485595","ENSG00000183386","FHL3","BLOOD","0.48613","9.2729","6.3732e-19","5.0136e-16"
"217","rs2681472","ENSG00000070961","ATP2B1","MAM","-0.20034","-9.0968","1.8605e-18","9.0430e-16"
"10","rs71331765","ENSG00000129055","ANAPC13","AOR","0.20456","9.0405","3.1281e-18","2.0000e-15"
"10","rs114123510","ENSG00000232994","RPL7P14","AOR","0.50910","8.9531","6.2214e-18","3.0000e-15"
"null","rs6860540","ENSG00000172548","NIPAL4","MAC","1.3294","10.643","6.2368e-18","2.1000e-14"
"77","rs11485595","ENSG00000183386","FHL3","AOR","0.26486","8.9287","7.5355e-18","4.0000e-15"
"82","rs1887318","ENSG00000165757","JCAD","MAM","-0.22426","-8.9095","8.1784e-18","4.0000e-15"
"208","rs17712139","ENSG00000170647","","MAM","0.29524","8.9051","8.4692e-18","4.0000e-15"
"181","rs7950678","ENSG00000250508","","LIV","0.70042","8.8301","1.5720e-17","6.0000e-15"
"10","rs7950678","ENSG00000197345","MRPL21","AOR","0.21919","8.7418","3.2213e-17","1.5000e-14"
"10","rs4472337","ENSG00000065060","UHRF1BP1","AOR","-0.14227","-8.6490","6.5706e-17","3.0000e-14"
"10","rs28451064","ENSG00000243927","MRPS6","AOR","-0.23785","-8.6140","8.5831e-17","3.9000e-14"
"199","rs17712139","ENSG00000165895","ARHGAP42","AOR","0.24255","8.6064","9.0973e-17","4.1000e-14"
"10","rs2820315","ENSG00000163431","LMOD1","VAF","0.30051","8.5464","1.4608e-16","7.7000e-14"
"29","rs71331765","ENSG00000129055","ANAPC13","SF","0.23471","8.5371","1.5751e-16","7.4000e-14"
"202","rs7568458","ENSG00000115486","GGCX","BLOOD","-0.15044","-8.4699","3.0942e-16","1.9800e-13"
"82","rs2505083","ENSG00000165757","JCAD","MAM","-0.21077","-8.4026","4.0188e-16","1.6300e-13"
"88","rs73222236","ENSG00000174564","IL20RB","LIV","0.84102","8.3591","5.7231e-16","1.8800e-13"
"199","rs2681472","ENSG00000270344","POC1B-AS1","MAM","-0.26411","-8.3390","6.4747e-16","2.5800e-13"
"9","rs112941079","ENSG00000250786","SNHG18","LIV","-0.55135","-8.3280","7.2185e-16","2.3500e-13"
"191","rs11191416","ENSG00000076685","NT5C2","MAM","0.23836","8.2578","1.0000e-15","4.6200e-13"
"199","rs7950678","ENSG00000132740","IGHMBP2","AOR","-0.16275","-8.2633","1.0000e-15","4.9300e-13"
"208","rs4472337","ENSG00000065060","UHRF1BP1","LIV","-0.19519","-8.2513","1.0000e-15","4.0600e-13"
"60","rs468224","ENSG00000100296","THOC5","SF","-0.20504","-8.2390","1.0000e-15","6.3000e-13"
"77","rs11485595","ENSG00000183386","FHL3","MAM","0.25434","8.1756","2.0000e-15","8.3000e-13"
"69","rs71331765","ENSG00000129055","ANAPC13","VAF","0.18528","8.1660","2.0000e-15","1.1930e-12"
"199","rs11485595","ENSG00000204084","INPP5B","MAM","0.11125","8.1191","3.0000e-15","1.2390e-12"
"184","rs7950678","ENSG00000132740","IGHMBP2","BLOOD","-0.34031","-8.1346","4.0000e-15","2.1190e-12"
"223","rs71331765","ENSG00000129055","ANAPC13","SKLM","0.24545","8.0863","4.0000e-15","2.2170e-12"
"208","rs4506804","ENSG00000165379","LRFN5","MAM","-0.41953","-8.0726","5.0000e-15","1.7160e-12"
"13","rs1887318","ENSG00000165757","JCAD","AOR","-0.16531","-7.9897","9.0000e-15","3.3660e-12"
"77","rs9486719","ENSG00000112214","FHL5","AOR","0.38499","7.9524","1.2000e-14","4.3560e-12"
"80","rs7950678","ENSG00000197345","MRPL21","MAM","0.19451","7.9328","1.3000e-14","4.5530e-12"
"40","rs9893690","ENSG00000197815","","SKLM","-0.35275","-7.9154","1.5000e-14","7.2740e-12"
"53","rs11485595","ENSG00000183431","SF3A3","BLOOD","0.10049","7.9317","1.6000e-14","8.5950e-12"
"13","rs2505083","ENSG00000165757","JCAD","AOR","-0.16132","-7.8887","1.8000e-14","6.7580e-12"
"29","rs7185993","ENSG00000072864","NDE1","SF","0.13563","7.8542","2.4000e-14","9.2160e-12"
"77","rs11153071","ENSG00000112214","FHL5","AOR","0.37878","7.7208","6.0000e-14","2.1198e-11"
"162","rs7164479","ENSG00000136378","ADAMTS7","MAM","0.38335","7.7095","6.3000e-14","2.0927e-11"
"199","rs56408342","ENSG00000168487","BMP1","AOR","0.33685","7.7094","6.5000e-14","2.2879e-11"
"null","rs4472337","ENSG00000065060","UHRF1BP1","MAC","-0.30236","-8.7628","6.7000e-14","1.2833e-10"
"140","rs468224","ENSG00000100296","THOC5","VAF","-0.16276","-7.6862","7.8000e-14","3.2485e-11"
"154","rs11485595","ENSG00000204084","INPP5B","AOR","0.10240","7.6527","9.7000e-14","3.3506e-11"
"83","rs4472337","ENSG00000065060","UHRF1BP1","BLOOD","-0.29717","-7.6254","1.3400e-13","6.7213e-11"
"87","rs4472337","ENSG00000065060","UHRF1BP1","VAF","-0.23801","-7.5935","1.4800e-13","6.0413e-11"
"199","rs6883598","ENSG00000138829","FBN2","LIV","-0.46525","-7.5122","2.5300e-13","6.5469e-11"
"null","rs73015715","ENSG00000130475","FCHO1","MAC","0.28744","8.4339","3.4000e-13","5.7779e-10"
"null","rs8023774","ENSG00000073417","PDE8A","MAC","-0.32371","-8.3973","4.0700e-13","6.8050e-10"
"14","rs114123510","ENSG00000163596","ICA1L","SKLM","-0.29575","-7.4374","4.3300e-13","1.8087e-10"
"10","rs13723","ENSG00000176927","EFCAB5","AOR","0.35633","7.4067","5.3000e-13","1.6889e-10"
"208","rs7950678","ENSG00000250508","","SF","0.52293","7.3611","7.3200e-13","2.4520e-10"
"209","rs71331765","ENSG00000129055","ANAPC13","BLOOD","0.20388","7.3008","1.2130e-12","5.4939e-10"
"4","rs1805719","ENSG00000139187","KLRG1","SKLM","-0.28143","-7.2686","1.3600e-12","5.4053e-10"
"200","rs6883598","ENSG00000138829","FBN2","VAF","-0.58725","-7.2656","1.3910e-12","5.1249e-10"
"10","rs11080107","ENSG00000176927","EFCAB5","AOR","0.34985","7.2348","1.6920e-12","5.0925e-10"
"166","rs11485595","ENSG00000204084","INPP5B","BLOOD","0.13649","7.2327","1.9090e-12","8.4482e-10"
"121","rs7623687","ENSG00000114270","COL7A1","LIV","-0.74356","-7.1994","2.1100e-12","4.9678e-10"
"134","rs2083460","ENSG00000260123","","AOR","0.45382","7.1920","2.2530e-12","6.6760e-10"
"null","rs11191416","ENSG00000156398","SFXN2","MAC","0.94330","8.0271","2.4890e-12","3.5003e-9"
"10","rs10513507","ENSG00000163661","PTX3","AOR","-0.48043","-7.1558","2.8650e-12","8.3962e-10"
"8","rs11189523","ENSG00000138131","LOXL4","SKLM","0.27549","7.0973","4.2470e-12","1.6079e-9"
"40","rs7950678","ENSG00000132740","IGHMBP2","VAF","-0.14663","-7.0212","7.0110e-12","2.3968e-9"
"162","rs7950678","ENSG00000132740","IGHMBP2","MAM","-0.12915","-7.0091","7.3130e-12","1.9522e-9"
"10","rs9914266","ENSG00000167720","SRR","SF","-0.12126","-6.9912","8.5420e-12","2.5610e-9"
"199","rs6860540","ENSG00000172548","NIPAL4","SKLM","0.41465","6.9712","9.6840e-12","3.5334e-9"
"167","rs114123510","ENSG00000163596","ICA1L","AOR","-0.15783","-6.9604","1.0329e-11","2.8380e-9"
"176","rs11191416","ENSG00000214435","AS3MT","LIV","0.66029","6.8853","1.6553e-11","3.5398e-9"
"218","rs6883598","ENSG00000138829","FBN2","SF","-0.63694","-6.8843","1.7057e-11","4.9410e-9"
"199","rs2727020","ENSG00000086205","FOLH1","MAM","-0.43374","-6.8677","1.8305e-11","4.6486e-9"
"59","rs2083460","ENSG00000260123","","MAM","0.42781","6.8140","2.5819e-11","6.4336e-9"
"198","rs112941079","ENSG00000250786","SNHG18","SF","-0.31640","-6.8087","2.7676e-11","7.8080e-9"
"39","rs2839812","ENSG00000170962","PDGFD","AOR","0.20559","6.8068","2.7734e-11","7.2461e-9"
"55","rs4472337","ENSG00000065060","UHRF1BP1","SKLM","-0.17473","-6.7268","4.6334e-11","1.5632e-8"
"167","rs11485595","ENSG00000183431","SF3A3","AOR","0.057537","6.6984","5.5120e-11","1.3862e-8"
"59","rs73222236","ENSG00000114054","PCCB","LIV","0.096499","6.6643","6.7502e-11","1.3449e-8"
"10","rs7950678","ENSG00000132740","IGHMBP2","SF","-0.16468","-6.6406","7.9889e-11","2.1362e-8"
"154","rs73562014","ENSG00000137714","FDX1","AOR","-0.16587","-6.6275","8.5960e-11","2.1097e-8"
"4","rs781622","ENSG00000106868","SUSD1","SKLM","-0.23693","-6.5972","1.0437e-10","3.3704e-8"
"79","rs4472337","ENSG00000196821","C6orf106","BLOOD","-0.10448","-6.6035","1.0773e-10","3.7867e-8"
"29","rs4506804","ENSG00000258636","","AOR","-0.39918","-6.5904","1.0833e-10","2.6253e-8"
"51","rs7528419","ENSG00000143028","SYPL2","LIV","-0.26760","-6.5857","1.1028e-10","2.1418e-8"
"208","rs1500187","ENSG00000151292","CSNK1G3","LIV","0.12856","6.5163","1.6945e-10","3.2168e-8"
"null","rs781622","ENSG00000106868","SUSD1","MAC","-0.22778","-7.0092","3.3229e-10","3.0414e-7"
"4","rs112941079","ENSG00000250786","SNHG18","VAF","-0.26933","-6.3803","3.9533e-10","1.0844e-7"
"102","rs11485595","ENSG00000204084","INPP5B","LIV","0.092933","6.3550","4.5331e-10","8.1621e-8"
"15","rs73015715","ENSG00000130475","FCHO1","LIV","0.30862","6.3459","4.7882e-10","8.5963e-8"
"33","rs6689306","ENSG00000143552","NUP210L","SF","0.75158","6.3305","5.3457e-10","1.2932e-7"
"6","rs77420750","ENSG00000171903","CYP4F11","LIV","0.12753","6.2915","6.6438e-10","1.1714e-7"
"15","rs67180937","ENSG00000225265","TAF1A-AS1","LIV","-0.18409","-6.2601","8.0138e-10","1.3984e-7"
"29","rs28451064","ENSG00000227456","LINC00310","AOR","-0.25293","-6.2531","8.4339e-10","1.8227e-7"
"50","rs17626479","ENSG00000269893","SNHG8","VAF","0.24400","6.2177","1.0462e-9","2.7055e-7"
"null","rs6761276","ENSG00000136695","IL36RN","MAC","1.4890","6.7524","1.1108e-9","8.8316e-7"
"199","rs6689306","ENSG00000143552","NUP210L","MAM","0.46030","6.2024","1.1190e-9","2.2459e-7"
"9","rs7950678","ENSG00000250508","","VAF","0.38465","6.1964","1.1872e-9","3.0489e-7"
"199","rs62172372","ENSG00000144369","FAM171B","AOR","-0.17913","-6.1812","1.2916e-9","2.7206e-7"
"78","rs4643373","ENSG00000159217","IGF2BP1","LIV","-0.59536","-6.1723","1.3493e-9","2.2751e-7"
"13","rs7678555","ENSG00000138735","PDE5A","AOR","-0.11841","-6.1434","1.6133e-9","3.3507e-7"
"null","rs1805719","ENSG00000139187","KLRG1","MAC","-0.37365","-6.6653","1.6671e-9","0.0000012752"
"31","rs7185993","ENSG00000072864","NDE1","SKLM","0.12107","6.1258","1.7950e-9","4.9296e-7"
"168","rs1805719","ENSG00000256427","","BLOOD","0.46917","6.1235","1.9206e-9","5.6962e-7"
"162","rs17712139","ENSG00000170647","","AOR","0.24861","6.1082","1.9823e-9","4.0677e-7"
"29","rs2161967","ENSG00000231672","DIRC3","AOR","-0.17838","-6.0956","2.1340e-9","4.3605e-7"
"9","rs7568458","ENSG00000115486","GGCX","LIV","-0.072059","-6.0513","2.7386e-9","4.4150e-7"
"70","rs9897596","ENSG00000108557","RAI1","LIV","-0.12989","-6.0365","2.9837e-9","4.7854e-7"
"102","rs35146811","ENSG00000121716","PILRB","LIV","0.51074","6.0268","3.1563e-9","5.0449e-7"
"168","rs1805719","ENSG00000237248","LINC00987","BLOOD","0.36092","5.9919","4.1032e-9","0.0000011570"
"null","rs7568458","ENSG00000168899","VAMP5","MAC","-0.48254","-6.4516","4.4813e-9","0.0000031030"
"102","rs7528419","ENSG00000162650","ATXN7L2","LIV","-0.19776","-5.9581","4.6863e-9","7.3144e-7"
"15","rs62172372","ENSG00000224063","","LIV","-0.39414","-5.9202","5.8197e-9","8.9589e-7"
"13","rs4968248","ENSG00000179673","RPRML","AOR","-0.38494","-5.8976","6.6695e-9","0.0000012695"
"92","rs7528419","ENSG00000031698","SARS","LIV","-0.076920","-5.8955","6.6973e-9","0.0000010211"
"198","rs17626479","ENSG00000269893","SNHG8","SF","0.24289","5.8907","6.9734e-9","0.0000014513"
"14","rs72774611","ENSG00000162722","TRIM58","VAF","0.33353","5.8731","7.6960e-9","0.0000017501"
"4","rs7528419","ENSG00000134222","PSRC1","VAF","-0.27108","-5.8693","7.8635e-9","0.0000017854"
"null","rs7528419","ENSG00000134222","PSRC1","MAC","-0.43875","-6.3232","8.0749e-9","0.0000052730"
"209","rs6689306","ENSG00000143552","NUP210L","BLOOD","0.69672","5.8718","8.1058e-9","0.0000021749"
"6","rs77420750","ENSG00000186115","CYP4F2","LIV","-0.11967","-5.8578","8.2936e-9","0.0000012474"
"77","rs6689306","ENSG00000143552","NUP210L","AOR","0.47704","5.8424","9.1086e-9","0.0000016962"
"9","rs4472337","ENSG00000196821","C6orf106","LIV","-0.089312","-5.8399","9.1749e-9","0.0000013715"
"4","rs10477741","ENSG00000233006","MIR3936HG","SKLM","0.25049","5.8198","1.0380e-8","0.0000025394"
"102","rs2071382","ENSG00000182511","FES","LIV","-0.13128","-5.7671","1.3798e-8","0.0000020078"
"39","rs421329","ENSG00000219607","PPP1R3G","AOR","0.23831","5.7291","1.7157e-8","0.0000030584"
"39","rs2083460","ENSG00000140526","ABHD2","AOR","0.11668","5.7252","1.7531e-8","0.0000031209"
"78","rs11810571","ENSG00000203288","TDRKH-AS1","SF","-0.39495","-5.7051","1.9694e-8","0.0000038271"
"59","rs468224","ENSG00000184117","NIPSNAP1","LIV","0.10227","5.6921","2.0915e-8","0.0000029584"
"199","rs4506804","ENSG00000258636","","MAM","-0.34512","-5.6827","2.1882e-8","0.0000036153"
"178","rs114123510","ENSG00000163596","ICA1L","BLOOD","-0.31086","-5.6833","2.3079e-8","0.0000057296"
"81","rs8068844","ENSG00000037042","TUBG2","SKLM","0.14561","5.6751","2.3187e-8","0.0000053226"
"165","rs71331765","ENSG00000182923","CEP63","AOR","0.12235","5.6732","2.3355e-8","0.0000040594"
"null","rs11191416","ENSG00000138175","ARL3","MAC","0.25012","6.0890","2.3367e-8","0.000013410"
"14","rs72774611","ENSG00000238243","OR2W3","VAF","0.39611","5.6535","2.6128e-8","0.0000053940"
"208","rs503105","ENSG00000218819","TDRD15","LIV","-0.44758","-5.6410","2.7686e-8","0.0000038420"
"10","rs11080107","ENSG00000265713","","AOR","0.24430","5.6199","3.1285e-8","0.0000053270"
"39","rs11257613","ENSG00000183049","CAMK1D","AOR","0.092954","5.5892","3.6955e-8","0.0000062092"
"199","rs9914266","ENSG00000167720","SRR","MAM","-0.13060","-5.5825","3.7867e-8","0.0000060304"
"10","rs7528419","ENSG00000134222","PSRC1","AOR","-0.22376","-5.5836","3.8109e-8","0.0000063874"
"10","rs78030362","ENSG00000130517","PGPEP1","SF","-0.25078","-5.5667","4.1954e-8","0.0000077055"
"82","rs2839812","ENSG00000170962","PDGFD","MAM","0.20201","5.5582","4.3207e-8","0.0000068190"
"198","rs9486719","ENSG00000112218","GPR63","AOR","0.18516","5.5424","4.7605e-8","0.0000078431"
"null","rs73015715","ENSG00000130479","MAP1S","MAC","0.19677","5.9268","4.8326e-8","0.000025524"
"199","rs11485595","ENSG00000183520","UTP11","AOR","0.069850","5.5235","5.2728e-8","0.0000086244"
"31","rs7528419","ENSG00000143126","CELSR2","SKLM","-0.27419","-5.5110","5.6507e-8","0.000012160"
"198","rs4968248","ENSG00000108379","WNT3","SF","0.38803","5.4747","6.8754e-8","0.000012188"
"20","rs6841581","ENSG00000151617","EDNRA","LIV","-0.20720","-5.4431","8.0569e-8","0.000010337"
"10","rs35146811","ENSG00000166924","NYAP1","SF","-0.29559","-5.4431","8.1340e-8","0.000014240"
"78","rs17626479","ENSG00000164099","PRSS12","SF","0.45025","5.4184","9.2727e-8","0.000016082"
"29","rs11080107","ENSG00000108578","BLMH","AOR","0.064904","5.3826","1.1156e-7","0.000017198"
"218","rs4968248","ENSG00000108433","GOSR2","LIV","0.078794","5.3779","1.1370e-7","0.000014206"
"199","rs2681472","ENSG00000258302","","MAM","-0.37362","-5.3727","1.1629e-7","0.000017043"
"199","rs11080107","ENSG00000176927","EFCAB5","MAM","0.28585","5.3699","1.1799e-7","0.000017274"
"null","rs71331765","ENSG00000129055","ANAPC13","MAC","0.24251","5.7040","1.2934e-7","0.000060851"
"35","rs17087335","ENSG00000084093","REST","AOR","0.067865","5.3438","1.3674e-7","0.000020746"
"40","rs35146811","ENSG00000166924","NYAP1","VAF","-0.25723","-5.3394","1.4033e-7","0.000025463"
"154","rs2244608","ENSG00000157895","C12orf43","MAM","0.076185","5.3347","1.4190e-7","0.000020470"
"197","rs72774611","ENSG00000162722","TRIM58","LIV","0.36232","5.3263","1.4902e-7","0.000018233"
"77","rs7500448","ENSG00000260832","","AOR","0.30374","5.3208","1.5420e-7","0.000023194"
"40","rs35146811","ENSG00000121716","PILRB","VAF","0.39628","5.3140","1.6022e-7","0.000028741"
"70","rs9893690","ENSG00000175662","TOM1L2","LIV","-0.082199","-5.2977","1.7297e-7","0.000020913"
"9","rs8068844","ENSG00000037042","TUBG2","LIV","0.15386","5.2969","1.7368e-7","0.000020992"
"85","rs3755549","ENSG00000115705","TPO","BLOOD","-0.40339","-5.2973","1.8019e-7","0.000037723"
"29","rs13723","ENSG00000108578","BLMH","AOR","0.063569","5.2821","1.8848e-7","0.000027906"
"14","rs17712139","ENSG00000165895","ARHGAP42","SKLM","0.26833","5.2555","2.1680e-7","0.000041805"
"199","rs13723","ENSG00000176927","EFCAB5","MAM","0.27603","5.2222","2.5423e-7","0.000035028"
"218","rs67180937","ENSG00000225265","TAF1A-AS1","VAF","-0.19414","-5.2202","2.6008e-7","0.000044595"
"59","rs7164479","ENSG00000103811","CTSH","LIV","0.13906","5.2153","2.6463e-7","0.000030935"
"78","rs67180937","ENSG00000225265","TAF1A-AS1","SF","-0.22177","-5.1901","3.0363e-7","0.000048158"
"14","rs4472337","ENSG00000196821","C6orf106","SKLM","0.12352","5.1888","3.0511e-7","0.000057102"
"198","rs11153071","ENSG00000112218","GPR63","AOR","0.17536","5.1774","3.2270e-7","0.000045757"
"69","rs35146811","ENSG00000213413","PVRIG","SKLM","-0.34406","-5.1543","3.6370e-7","0.000066998"
"10","rs11191416","ENSG00000203886","CYP17A1-AS1","SF","-0.27894","-5.1228","4.2716e-7","0.000065897"
"214","rs11485595","ENSG00000183431","SF3A3","LIV","0.039161","5.1206","4.2851e-7","0.000048177"
"10","rs13723","ENSG00000265713","","AOR","0.22284","5.1157","4.4122e-7","0.000061037"
"15","rs10513507","ENSG00000241770","","LIV","0.26724","5.1055","4.6239e-7","0.000051677"
"29","rs3133293","ENSG00000149269","PAK1","AOR","0.063611","5.0972","4.8443e-7","0.000066489"
"123","rs114123510","ENSG00000138439","FAM117B","BLOOD","0.16578","5.0732","5.6201e-7","0.00010609"
"10","rs7528419","ENSG00000134222","PSRC1","SF","-0.21520","-5.0610","5.8256e-7","0.000087712"
"199","rs6689306","ENSG00000143552","NUP210L","VAF","0.54547","5.0600","5.8505e-7","0.000093090"
"77","rs2107595","ENSG00000122691","TWIST1","AOR","-0.12264","-5.0402","6.4417e-7","0.000086425"
"10","rs35879803","ENSG00000151612","ZNF827","AOR","-0.091964","-5.0191","7.1557e-7","0.000095184"
"35","rs72627509","ENSG00000084093","REST","AOR","0.064464","5.0143","7.3250e-7","0.000097249"
"8","rs4074793","ENSG00000247796","","VAF","-0.17428","-5.0046","7.7051e-7","0.00011962"
"31","rs9893690","ENSG00000175662","TOM1L2","SKLM","-0.12463","-5.0000","7.8787e-7","0.00013516"
"40","rs35146811","ENSG00000121716","PILRB","SKLM","0.42283","4.9724","9.0257e-7","0.00015285"
"4","rs112941079","ENSG00000250786","SNHG18","SKLM","-0.33980","-4.9724","9.0279e-7","0.00015288"
"81","rs468224","ENSG00000100296","THOC5","SKLM","-0.11052","-4.9326","0.0000010973","0.00018241"
"77","rs35146811","ENSG00000085514","PILRA","SKLM","0.32573","4.9316","0.0000011027","0.00018323"
"29","rs7568458","ENSG00000115486","GGCX","AOR","-0.051314","-4.9277","0.0000011223","0.00014350"
"196","rs421329","ENSG00000214113","LYRM4","SKLM","0.14182","4.9091","0.0000012309","0.00020231"
"208","rs7998440","ENSG00000244754","N4BP2L2","LIV","-0.075397","-4.9047","0.0000012508","0.00012816"
"13","rs12202017","ENSG00000118526","TCF21","AOR","-0.44434","-4.8951","0.0000013155","0.00016577"
"9","rs11191416","ENSG00000156398","SFXN2","LIV","0.12855","4.8907","0.0000013383","0.00013630"
"175","rs9914266","ENSG00000167720","SRR","VAF","-0.10718","-4.8754","0.0000014506","0.00021295"
"77","rs6860540","ENSG00000172548","NIPAL4","AOR","0.27992","4.8746","0.0000014526","0.00018137"
"null","rs9914266","ENSG00000167720","SRR","MAC","-0.26428","-5.1306","0.0000015030","0.00050299"
"10","rs10513507","ENSG00000197415","VEPH1","AOR","-0.31439","-4.8646","0.0000015248","0.00018948"
"10","rs13132376","ENSG00000251632","LINC02172","SF","0.48238","4.8639","0.0000015345","0.00021204"
"10","rs35146811","ENSG00000106261","ZKSCAN1","AOR","-0.050411","-4.8377","0.0000017358","0.00021299"
"10","rs56408342","ENSG00000177725","","AOR","0.56606","4.8166","0.0000019211","0.00023323"
"198","rs9398803","ENSG00000203760","CENPW","SF","0.13921","4.8067","0.0000020192","0.00027183"
"70","rs9893690","ENSG00000108557","RAI1","LIV","-0.10504","-4.8051","0.0000020228","0.00019843"
"136","rs6689306","ENSG00000160712","IL6R","MAM","0.13806","4.7909","0.0000021576","0.00024780"
"null","rs35146811","ENSG00000066923","STAG3","MAC","0.43125","5.0422","0.0000021689","0.00069021"
"10","rs8068844","ENSG00000037042","TUBG2","SF","0.12340","4.7897","0.0000021900","0.00029240"
"36","rs11485595","ENSG00000204084","INPP5B","VAF","0.077909","4.7877","0.0000022098","0.00031190"
"10","rs111551996","ENSG00000130517","PGPEP1","SF","-0.24950","-4.7790","0.0000023054","0.00030629"
"13","rs62172372","ENSG00000224063","","AOR","-0.19535","-4.7685","0.0000024174","0.00028732"
"208","rs34127110","ENSG00000140386","SCAPER","LIV","0.090183","4.7648","0.0000024520","0.00023630"
"10","rs6761276","ENSG00000125618","PAX8","BLOOD","0.46144","4.7635","0.0000025311","0.00041357"
"169","rs6860540","ENSG00000172548","NIPAL4","BLOOD","0.36086","4.7575","0.0000026046","0.00042426"
"121","rs13003675","ENSG00000115474","KCNJ13","LIV","0.32821","4.7399","0.0000027593","0.00026303"
"224","rs9398803","ENSG00000203760","CENPW","LIV","0.17677","4.7357","0.0000028139","0.00026772"
"10","rs6761276","ENSG00000189223","PAX8-AS1","BLOOD","0.60181","4.7379","0.0000028569","0.00045945"
"219","rs71331765","ENSG00000182923","CEP63","BLOOD","0.26394","4.7342","0.0000029075","0.00046673"
"10","rs6841581","ENSG00000151617","EDNRA","AOR","-0.13406","-4.7214","0.0000030210","0.00035148"
"10","rs28596486","ENSG00000138152","BTBD16","AOR","-0.55389","-4.7182","0.0000030666","0.00035627"
"4","rs8068844","ENSG00000037042","TUBG2","VAF","0.11611","4.7129","0.0000031498","0.00042909"
"141","rs503105","ENSG00000233005","","SF","0.36101","4.7044","0.0000032798","0.00042132"
"9","rs17626479","ENSG00000164099","PRSS12","VAF","0.28144","4.6882","0.0000035378","0.00047656"
"217","rs6883598","ENSG00000138829","FBN2","SKLM","-0.34269","-4.6794","0.0000036847","0.00054476"
"171","rs9893690","ENSG00000131899","LLGL1","LIV","-0.10146","-4.6776","0.0000036978","0.00034275"
"29","rs73222236","ENSG00000273486","","SF","-0.18536","-4.6773","0.0000037240","0.00047235"
"178","rs7098414","ENSG00000122378","FAM213A","BLOOD","-0.23753","-4.6791","0.0000037621","0.00058685"
"9","rs9893690","ENSG00000171928","TVP23B","LIV","0.081725","4.6732","0.0000037757","0.00034929"
"167","rs2681472","ENSG00000270344","POC1B-AS1","AOR","-0.16332","-4.6664","0.0000039102","0.00044246"
"218","rs73222236","ENSG00000174564","IL20RB","VAF","0.18960","4.6656","0.0000039308","0.00052401"
"4","rs56062135","ENSG00000166949","SMAD3","SKLM","0.13848","4.6614","0.0000040073","0.00058714"
"10","rs13109172","ENSG00000151612","ZNF827","AOR","-0.087935","-4.6560","0.0000041044","0.00046215"
"198","rs7950678","ENSG00000197345","MRPL21","SF","0.11208","4.6536","0.0000041589","0.00052204"
"6","rs114123510","ENSG00000138439","FAM117B","AOR","0.12176","4.6456","0.0000043084","0.00048259"
"4","rs72743461","ENSG00000166949","SMAD3","SKLM","0.13797","4.6371","0.0000044868","0.00065020"
"14","rs58560619","ENSG00000138018","SELENOI","SKLM","-0.10670","-4.6303","0.0000046300","0.00066895"
"197","rs8108632","ENSG00000267107","PCAT19","VAF","-0.16381","-4.6280","0.0000046821","0.00061322"
"81","rs11601507","ENSG00000224295","OLFM5P","VAF","0.43805","4.6179","0.0000049058","0.00063914"
"6","rs6860540","ENSG00000055163","CYFIP2","LIV","0.17683","4.6075","0.0000051247","0.00046030"
"10","rs35146811","ENSG00000221838","AP4M1","SF","0.13116","4.6085","0.0000051275","0.00063037"
"10","rs7623687","ENSG00000178252","WDR6","SF","0.17658","4.6060","0.0000051865","0.00063682"
"218","rs6689306","ENSG00000143552","NUP210L","LIV","0.32529","4.5946","0.0000054382","0.00048538"
"110","rs567040","ENSG00000204381","LAYN","MAM","-0.092763","-4.5823","0.0000057373","0.00059743"
"39","rs4074793","ENSG00000213949","ITGA1","AOR","0.11275","4.5781","0.0000058853","0.00063689"
"10","rs34127110","ENSG00000140368","PSTPIP1","SF","-0.20492","-4.5708","0.0000060963","0.00073488"
"196","rs7568458","ENSG00000118640","VAMP8","SKLM","0.13905","4.5684","0.0000061598","0.00086343"
"173","rs17626479","ENSG00000269893","SNHG8","BLOOD","0.26535","4.5681","0.0000062801","0.00092650"
"4","rs7528419","ENSG00000134222","PSRC1","SKLM","-0.25853","-4.5582","0.0000064552","0.00089985"
"4","rs56313611","ENSG00000124126","PREX1","SKLM","-0.19683","-4.5546","0.0000065615","0.00091296"
"40","rs35146811","ENSG00000121716","PILRB","SF","0.36868","4.5514","0.0000066652","0.00079564"
"216","rs1964272","ENSG00000125743","SNRPD2","BLOOD","-0.10876","-4.5517","0.0000067687","0.00099049"
"108","rs35146811","ENSG00000121716","PILRB","BLOOD","0.37230","4.5492","0.0000068472","0.0010008"
"40","rs9897596","ENSG00000197815","","SKLM","-0.20858","-4.5318","0.0000072791","0.0010016"
"78","rs17626479","ENSG00000164099","PRSS12","LIV","-0.25566","-4.5277","0.0000073884","0.00063855"
"208","rs71331765","ENSG00000182923","CEP63","LIV","0.12250","4.5250","0.0000074793","0.00064557"
"209","rs2681472","ENSG00000258302","","BLOOD","-0.45061","-4.5294","0.0000074914","0.0010836"
"218","rs10455872","ENSG00000146477","SLC22A3","LIV","0.22020","4.5175","0.0000077387","0.00066570"
"10","rs6761276","ENSG00000189223","PAX8-AS1","LIV","0.43588","4.5116","0.0000079504","0.00068206"
"40","rs7164479","ENSG00000136378","ADAMTS7","VAF","-0.15370","-4.5036","0.0000082795","0.0010182"
"4","rs7950678","ENSG00000197345","MRPL21","VAF","0.10489","4.4977","0.0000085045","0.0010428"
"4","rs7623687","ENSG00000068745","IP6K2","SF","0.079691","4.4735","0.0000094886","0.0010906"
"14","rs34127110","ENSG00000140386","SCAPER","SKLM","0.12002","4.4688","0.0000096807","0.0012830"
"209","rs13723","ENSG00000176927","EFCAB5","BLOOD","0.29080","4.4565","0.000010400","0.0014472"
"208","rs11080107","ENSG00000108578","BLMH","MAM","0.054511","4.4495","0.000010491","0.0010254"
"10","rs7950678","ENSG00000172935","MRGPRF","SF","-0.21248","-4.4495","0.000010569","0.0012009"
"116","rs11485595","ENSG00000163879","DNALI1","MAM","0.10195","4.4454","0.000010688","0.0010424"
"10","rs28451064","ENSG00000214955","","AOR","-0.32485","-4.4037","0.000012942","0.0012831"
"31","rs9897596","ENSG00000175662","TOM1L2","SKLM","-0.10971","-4.4035","0.000012965","0.0016602"
"209","rs11080107","ENSG00000176927","EFCAB5","BLOOD","0.29017","4.3981","0.000013490","0.0018228"
"29","rs73562014","ENSG00000137714","FDX1","SF","-0.15090","-4.3760","0.000014657","0.0016049"
"29","rs2891168","ENSG00000240498","CDKN2B-AS1","AOR","-0.21282","-4.3668","0.000015238","0.0014830"
"191","rs11191416","ENSG00000148842","CNNM2","MAM","0.17015","4.3601","0.000015620","0.0014581"
"208","rs13723","ENSG00000108578","BLMH","MAM","0.052986","4.3588","0.000015710","0.0014656"
"10","rs33823","ENSG00000124302","CHST8","SF","0.30700","4.3594","0.000015773","0.0017120"
"10","rs6761276","ENSG00000189223","PAX8-AS1","SF","0.48646","4.3583","0.000015846","0.0017189"
"null","rs6761276","ENSG00000136689","IL1RN","MAC","0.41418","4.5440","0.000016068","0.0038096"
"162","rs9893690","ENSG00000175662","TOM1L2","MAM","-0.077987","-4.3399","0.000017073","0.0015784"
"8","rs11810571","ENSG00000203288","TDRKH-AS1","SKLM","-0.31358","-4.3391","0.000017227","0.0021323"
"118","rs2153219","ENSG00000120265","PCMT1","SF","-0.10035","-4.3366","0.000017436","0.0018703"
"29","rs9914266","ENSG00000167720","SRR","AOR","-0.11475","-4.3324","0.000017726","0.0016952"
"217","rs7500448","ENSG00000260228","","AOR","0.25891","4.3273","0.000018124","0.0017289"
"201","rs73468973","ENSG00000102780","DGKH","AOR","0.067965","4.3210","0.000018632","0.0017718"
"null","rs6689306","ENSG00000160712","IL6R","MAC","-0.12601","-4.4936","0.000019546","0.0044933"
"139","rs58560619","ENSG00000115155","OTOF","LIV","0.34285","4.3083","0.000019647","0.0015310"
"199","rs11189523","ENSG00000138131","LOXL4","AOR","0.099970","4.3083","0.000019692","0.0018606"
"83","rs11485595","ENSG00000183520","UTP11","BLOOD","0.11612","4.3100","0.000019860","0.0025637"
"78","rs4968248","ENSG00000108379","WNT3","VAF","0.18061","4.3006","0.000020399","0.0022626"
"9","rs9897596","ENSG00000265511","","LIV","-0.17186","-4.2919","0.000021108","0.0016316"
"217","rs7500448","ENSG00000260788","","AOR","0.24754","4.2923","0.000021121","0.0019790"
"159","rs298450","ENSG00000158008","EXTL1","VAF","0.45856","4.2895","0.000021403","0.0023602"
"154","rs11191416","ENSG00000156398","SFXN2","AOR","0.16885","4.2807","0.000022207","0.0020690"
"29","rs114123510","ENSG00000163596","ICA1L","SF","-0.16408","-4.2743","0.000022870","0.0023708"
"9","rs9893690","ENSG00000197815","","VAF","-0.18370","-4.2606","0.000024264","0.0026355"
"null","rs6883598","ENSG00000138829","FBN2","MAC","-0.83643","-4.4368","0.000024352","0.0053964"
"59","rs8068844","ENSG00000108784","NAGLU","LIV","0.073681","4.2486","0.000025466","0.0019291"
"85","rs11654510","ENSG00000070526","ST6GALNAC1","BLOOD","0.45257","4.2452","0.000026283","0.0032662"
"39","rs2083460","ENSG00000140545","MFGE8","AOR","0.12859","4.2170","0.000029227","0.0026309"
"10","rs114123510","ENSG00000204196","RPL12P16","AOR","0.29589","4.2152","0.000029461","0.0026490"
"10","rs33823","ENSG00000124299","PEPD","SF","0.13133","4.2146","0.000029579","0.0029712"
"10","rs6761276","ENSG00000125618","PAX8","LIV","0.24064","4.2112","0.000029906","0.0022239"
"213","rs17626479","ENSG00000172403","SYNPO2","BLOOD","-0.38139","-4.2146","0.000029962","0.0036597"
"208","rs35146811","ENSG00000066923","STAG3","SF","0.19222","4.2116","0.000029964","0.0030049"
"199","rs12202017","ENSG00000118526","TCF21","SKLM","-0.30506","-4.1854","0.000033487","0.0038095"
"77","rs367948","ENSG00000240694","PNMA2","BLOOD","-0.40566","-4.1857","0.000033886","0.0040699"
"9","rs1968266","ENSG00000103194","USP10","LIV","0.040160","4.1727","0.000035232","0.0025689"
"66","rs3813452","ENSG00000264490","","SKLM","-0.22826","-4.1699","0.000035766","0.0040327"
"106","rs4506804","ENSG00000165379","LRFN5","AOR","-0.21572","-4.1690","0.000035870","0.0031443"
"177","rs11191416","ENSG00000076685","NT5C2","AOR","0.10005","4.1683","0.000035977","0.0031526"
"136","rs7528419","ENSG00000134222","PSRC1","MAM","-0.19568","-4.1624","0.000036733","0.0031051"
"28","rs367948","ENSG00000240694","PNMA2","LIV","-0.19293","-4.1612","0.000037007","0.0026821"
"29","rs2681472","ENSG00000258302","","AOR","-0.31377","-4.1587","0.000037470","0.0032667"
"136","rs129882","ENSG00000123454","DBH","LIV","-0.17322","-4.1507","0.000038681","0.0027887"
"4","rs35146811","ENSG00000221838","AP4M1","VAF","0.10276","4.1469","0.000039433","0.0040310"
"81","rs3782774","ENSG00000011105","TSPAN9","SKLM","0.11338","4.1412","0.000040391","0.0044860"
"10","rs11485595","ENSG00000233621","LINC01137","SF","0.15679","4.1380","0.000040950","0.0039495"
"199","rs28596486","ENSG00000138152","BTBD16","MAM","-0.49677","-4.1281","0.000042474","0.0035257"
"10","rs11080107","ENSG00000198720","ANKRD13B","SF","-0.13258","-4.1236","0.000043513","0.0041645"
"77","rs8068844","ENSG00000108784","NAGLU","MAM","0.13683","4.1187","0.000044175","0.0036482"
"10","rs964184","ENSG00000254851","","VAF","0.49841","4.1193","0.000044294","0.0044620"
"199","rs9893690","ENSG00000175662","TOM1L2","AOR","-0.069634","-4.1096","0.000046081","0.0039085"
"null","rs1060542","ENSG00000110063","DCPS","MAC","0.21050","4.2630","0.000047182","0.0093314"
"null","rs7528419","ENSG00000143126","CELSR2","MAC","-0.30692","-4.2578","0.000048109","0.0094818"
"167","rs71313931","ENSG00000183597","TANGO2","AOR","0.058535","4.0949","0.000049016","0.0041234"
"199","rs7528419","ENSG00000221986","MYBPHL","SKLM","-0.36967","-4.0829","0.000051573","0.0055463"
"78","rs1060542","ENSG00000110080","ST3GAL4","LIV","-0.16616","-4.0725","0.000053704","0.0037222"
"69","rs73562014","ENSG00000137714","FDX1","VAF","-0.10923","-4.0700","0.000054423","0.0053384"
"null","rs11485595","ENSG00000183386","FHL3","MAC","0.15670","4.2247","0.000054463","0.010507"
"8","rs4968248","ENSG00000108433","GOSR2","VAF","0.064027","4.0689","0.000054681","0.0053596"
"200","rs6538176","ENSG00000257219","LINC02407","SF","0.37782","4.0664","0.000055265","0.0051283"
"136","rs11191416","ENSG00000166275","BORCS7","LIV","-0.12986","-4.0578","0.000057096","0.0039277"
"4","rs11810571","ENSG00000182134","TDRKH","SKLM","-0.10661","-4.0534","0.000058297","0.0061661"
"85","rs964184","ENSG00000254851","","BLOOD","0.54002","4.0546","0.000058673","0.0065479"
"10","rs8068844","ENSG00000108784","NAGLU","AOR","0.099696","4.0443","0.000060481","0.0049501"
"6","rs117113213","ENSG00000204103","MAFB","LIV","0.20682","4.0420","0.000060947","0.0041599"
"137","rs11485595","ENSG00000204084","INPP5B","SF","0.070244","4.0403","0.000061567","0.0056328"
"77","rs7950678","ENSG00000256508","MRGPRF-AS1","MAM","-0.14705","-4.0317","0.000063477","0.0050006"
"4","rs10139550","ENSG00000182218","HHIPL1","VAF","0.12879","4.0303","0.000064161","0.0061538"
"200","rs77420750","ENSG00000171903","CYP4F11","SF","0.30441","4.0293","0.000064434","0.0058603"
"81","rs7950678","ENSG00000197345","MRPL21","BLOOD","0.10287","4.0263","0.000065950","0.0072389"
"222","rs1805719","ENSG00000139187","KLRG1","LIV","-0.13091","-4.0214","0.000066358","0.0044797"
"9","rs77420750","ENSG00000171903","CYP4F11","VAF","-0.46809","-4.0210","0.000066663","0.0063616"
"176","rs10455872","ENSG00000198670","LPA","LIV","-0.31252","-4.0153","0.000068053","0.0045795"
"53","rs9893690","ENSG00000072310","SREBF1","BLOOD","-0.13939","-4.0151","0.000069057","0.0075295"
"69","rs742115","ENSG00000111845","PAK1IP1","VAF","0.11293","4.0090","0.000070035","0.0066384"
"81","rs8108632","ENSG00000077348","EXOSC5","SKLM","0.11913","4.0073","0.000070510","0.0072654"
"13","rs11170820","ENSG00000248576","","SF","0.40559","4.0039","0.000071516","0.0064120"
"38","rs7528419","ENSG00000134222","PSRC1","BLOOD","-0.22636","-4.0008","0.000073212","0.0079168"
"10","rs13723","ENSG00000198720","ANKRD13B","SF","-0.12791","-3.9949","0.000074219","0.0066196"
"29","rs1812706","ENSG00000178295","GEN1","AOR","-0.13202","-3.9931","0.000074662","0.0059442"
"165","rs34127110","ENSG00000140386","SCAPER","AOR","0.056293","3.9886","0.000076042","0.0060390"
"209","rs7623687","ENSG00000068745","IP6K2","BLOOD","0.075123","3.9855","0.000077939","0.0083519"
"4","rs567040","ENSG00000204381","LAYN","SKLM","-0.20562","-3.9744","0.000080642","0.0081471"
"162","rs35146811","ENSG00000121716","PILRB","AOR","0.26083","3.9735","0.000080872","0.0063682"
"208","rs2681472","ENSG00000258302","","LIV","-0.29590","-3.9714","0.000081428","0.0053524"
"77","rs56408342","ENSG00000168495","POLR3D","AOR","0.11068","3.9678","0.000082803","0.0064997"
"110","rs11485595","ENSG00000183520","UTP11","MAM","0.057005","3.9620","0.000084483","0.0064055"
"15","rs1812706","ENSG00000163032","VSNL1","LIV","-0.10663","-3.9583","0.000085910","0.0056079"
"218","rs58560619","ENSG00000173567","ADGRF3","VAF","0.15775","3.9579","0.000086278","0.0079444"
"10","rs28451064","ENSG00000159197","KCNE2","AOR","-0.25701","-3.9576","0.000086283","0.0067345"
"84","rs11170820","ENSG00000248265","","SF","-0.72621","-3.9531","0.000088004","0.0076640"
"10","rs748431","ENSG00000270409","","SF","-0.24036","-3.9489","0.000089521","0.0077780"
"8","rs9914266","ENSG00000167720","SRR","BLOOD","-0.16293","-3.9504","0.000089867","0.0094263"
"116","rs8068844","ENSG00000260105","AOC4P","SKLM","-0.26729","-3.9462","0.000090438","0.0089938"
"4","rs67180937","ENSG00000225265","TAF1A-AS1","SKLM","-0.23412","-3.9426","0.000091762","0.0091057"
"null","rs12252333","ENSG00000165650","PDZD8","MAC","0.10720","4.0802","0.000093010","0.016221"
"10","rs12989198","ENSG00000150722","PPP1R1C","SF","0.28096","3.9360","0.000094299","0.0081340"
"81","rs111551996","ENSG00000105696","TMEM59L","SKLM","-0.56910","-3.9318","0.000095870","0.0094547"
"209","rs4643373","ENSG00000159202","UBE2Z","BLOOD","-0.050663","-3.9197","0.00010169","0.010468"
"10","rs6761276","ENSG00000189223","PAX8-AS1","SKLM","0.38013","3.9125","0.00010364","0.010110"
"10","rs6761276","ENSG00000125618","PAX8","SF","0.34239","3.9077","0.00010569","0.0089489"
"199","rs8068844","ENSG00000037042","TUBG2","AOR","0.086611","3.8972","0.00011011","0.0083007"
"null","rs4643373","ENSG00000159210","SNF8","MAC","0.074984","4.0326","0.00011065","0.018647"
"9","rs251023","ENSG00000177839","PCDHB9","VAF","-0.095806","-3.8962","0.00011067","0.0098173"
"10","rs7164479","ENSG00000103811","CTSH","SF","0.16505","3.8928","0.00011221","0.0094187"
"167","rs2820315","ENSG00000198700","IPO9","AOR","-0.041821","-3.8829","0.00011659","0.0087080"
"29","rs7158691","ENSG00000258636","","AOR","0.26950","3.8815","0.00011723","0.0087479"
"null","rs4472337","ENSG00000196821","C6orf106","MAC","-0.10992","-4.0109","0.00011974","0.019875"
"10","rs3918226","ENSG00000002726","AOC1","LIV","-1.4315","-3.8747","0.00012029","0.0074846"
"173","rs11654510","ENSG00000167881","SRP68","BLOOD","0.16310","3.8760","0.00012110","0.012133"
"10","rs2071382","ENSG00000182511","FES","AOR","-0.078615","-3.8720","0.00012176","0.0090327"
"208","rs4074793","ENSG00000247796","","SF","-0.14253","-3.8715","0.00012219","0.010118"
"29","rs2153219","ENSG00000186625","KATNA1","SF","-0.10601","-3.8661","0.00012483","0.010304"
"199","rs2071382","ENSG00000140564","FURIN","AOR","0.071749","3.8623","0.00012660","0.0093404"
"121","rs12202017","ENSG00000227954","TARID","LIV","-0.25779","-3.8613","0.00012691","0.0078369"
"135","rs114123510","ENSG00000119004","CYP20A1","SKLM","-0.11772","-3.8581","0.00012881","0.012151"
"81","rs7164479","ENSG00000103811","CTSH","SKLM","0.12734","3.8536","0.00013114","0.012336"
"4","rs75589791","ENSG00000069188","SDK2","SKLM","0.37652","3.8531","0.00013137","0.012354"
"null","rs1812706","ENSG00000163029","SMC6","MAC","-0.17483","-3.9767","0.00013550","0.021942"
"209","rs11257613","ENSG00000228302","","BLOOD","0.23087","3.8436","0.00013775","0.013522"
"199","rs964184","ENSG00000149577","SIDT2","AOR","-0.10349","-3.8382","0.00013928","0.010128"
"23","rs8108632","ENSG00000105723","GSK3A","LIV","-0.055669","-3.8291","0.00014416","0.0087334"
"81","rs11654510","ENSG00000182534","MXRA7","SKLM","-0.14381","-3.8245","0.00014714","0.013601"
"122","rs28596486","ENSG00000138152","BTBD16","SF","-0.41557","-3.8220","0.00014865","0.011942"
"190","rs9897596","ENSG00000188933","USP32P1","BLOOD","0.53029","3.8226","0.00014962","0.014484"
"null","rs34127110","ENSG00000140386","SCAPER","MAC","0.11198","3.9488","0.00014977","0.023753"
"null","rs7950678","ENSG00000132740","IGHMBP2","MAC","-0.089489","-3.9477","0.00015038","0.023831"
"29","rs2681472","ENSG00000258302","","SF","-0.36851","-3.8162","0.00015210","0.012177"
"199","rs263533","ENSG00000067606","PRKCZ","MAM","0.20279","3.8145","0.00015252","0.010642"
"10","rs10455872","ENSG00000026652","AGPAT4","SF","0.16702","3.8129","0.00015408","0.012313"
"77","rs1060542","ENSG00000110063","DCPS","MAM","0.16449","3.8048","0.00015841","0.010992"
"85","rs35146811","ENSG00000242294","STAG3L5P","BLOOD","0.27866","3.7978","0.00016493","0.015711"
"8","rs2681472","ENSG00000258302","","VAF","-0.32250","-3.7814","0.00017427","0.014427"
"10","rs6761276","ENSG00000189223","PAX8-AS1","VAF","0.38558","3.7813","0.00017434","0.014432"
"190","rs9897596","ENSG00000188933","USP32P1","LIV","0.37367","3.7799","0.00017494","0.010294"
"184","rs2971672","ENSG00000228903","RASA4CP","BLOOD","0.15471","3.7805","0.00017648","0.016621"
"15","rs7185993","ENSG00000072864","NDE1","LIV","0.068954","3.7770","0.00017689","0.010392"
"81","rs1060542","ENSG00000110080","ST3GAL4","SKLM","-0.22769","-3.7635","0.00018687","0.016620"
"13","rs35146811","ENSG00000242294","STAG3L5P","AOR","0.14273","3.7631","0.00018702","0.013001"
"59","rs3745148","ENSG00000130203","APOE","LIV","0.18291","3.7621","0.00018747","0.010919"
"10","rs6761276","ENSG00000125618","PAX8","VAF","0.28712","3.7568","0.00019183","0.015646"
"83","rs298450","ENSG00000158006","PAFAH2","BLOOD","0.16415","3.7562","0.00019397","0.017977"
"57","rs35146811","ENSG00000085514","PILRA","LIV","0.12807","3.7507","0.00019599","0.011340"
"29","rs7998440","ENSG00000244754","N4BP2L2","SF","-0.095536","-3.7508","0.00019641","0.015096"
"9","rs114123510","ENSG00000138439","FAM117B","VAF","0.13735","3.7495","0.00019738","0.016025"
"214","rs567040","ENSG00000137720","C11orf1","LIV","-0.070208","-3.7388","0.00020524","0.011790"
"82","rs7950678","ENSG00000250508","","MAM","0.20206","3.7370","0.00020640","0.013730"
"189","rs2727020","ENSG00000086205","FOLH1","AOR","-0.23160","-3.7339","0.00020951","0.014317"
"167","rs4472337","ENSG00000196821","C6orf106","AOR","-0.050776","-3.7337","0.00020960","0.014323"
"29","rs2244608","ENSG00000157895","C12orf43","AOR","0.058387","3.7311","0.00021175","0.014446"
"13","rs114123510","ENSG00000228513","","AOR","0.26457","3.7210","0.00022021","0.014931"
"102","rs7211674","ENSG00000167280","ENGASE","LIV","-0.097229","-3.7194","0.00022122","0.012561"
"181","rs567040","ENSG00000137713","PPP2R1B","LIV","0.11265","3.7190","0.00022159","0.012578"
"123","rs2820315","ENSG00000163431","LMOD1","BLOOD","-0.34996","-3.7203","0.00022279","0.020163"
"null","rs2071382","ENSG00000182511","FES","MAC","-0.18875","-3.8363","0.00022351","0.032361"
"81","rs7950678","ENSG00000132749","TESMIN","VAF","-0.13166","-3.7167","0.00022403","0.017814"
"10","rs10477741","ENSG00000131435","PDLIM4","SF","-0.25818","-3.7099","0.00023000","0.017214"
"82","rs7098414","ENSG00000122378","FAM213A","MAM","-0.14118","-3.7069","0.00023187","0.015136"
"78","rs4389656","ENSG00000145545","SRD5A1","LIV","0.089952","3.7028","0.00023586","0.013248"
"88","rs11601507","ENSG00000132256","TRIM5","MAM","0.086610","3.7012","0.00023698","0.015415"
"29","rs2149821","ENSG00000116729","WLS","SF","-0.095174","-3.6961","0.00024256","0.017993"
"178","rs567040","ENSG00000150764","DIXDC1","BLOOD","-0.23721","-3.6958","0.00024470","0.021750"
"176","rs251023","ENSG00000253305","PCDHGB6","LIV","-0.10796","-3.6906","0.00024713","0.013776"
"198","rs28451064","ENSG00000227456","LINC00310","SF","0.19091","3.6852","0.00025288","0.018628"
"78","rs71600236","ENSG00000145545","SRD5A1","LIV","0.089474","3.6842","0.00025325","0.014064"
"144","rs9914266","ENSG00000167720","SRR","SKLM","-0.11412","-3.6845","0.00025344","0.021375"
"199","rs2681472","ENSG00000139323","POC1B","AOR","0.079091","3.6836","0.00025421","0.016846"
"81","rs11485595","ENSG00000233621","LINC01137","VAF","0.12465","3.6821","0.00025588","0.019897"
"167","rs9893690","ENSG00000141034","GID4","AOR","0.049344","3.6751","0.00026254","0.017310"
"null","rs7623687","ENSG00000178252","WDR6","MAC","0.17786","3.7888","0.00026411","0.036807"
"4","rs11601507","ENSG00000132256","TRIM5","SKLM","0.16450","3.6736","0.00026428","0.022125"
"178","rs77420750","ENSG00000127527","EPS15L1","BLOOD","0.15287","3.6756","0.00026436","0.023162"
"11","rs8108632","ENSG00000142046","TMEM91","BLOOD","0.15820","3.6686","0.00027147","0.023671"
"162","rs1964272","ENSG00000187244","BCAM","MAM","-0.13087","-3.6634","0.00027381","0.017388"
"14","rs11810571","ENSG00000249602","","SKLM","-0.30431","-3.6575","0.00028092","0.023265"
"199","rs17581137","ENSG00000248441","LINC01197","MAM","0.12331","3.6553","0.00028247","0.017841"
"29","rs77572413","ENSG00000151465","CDC123","SF","0.16433","3.6545","0.00028428","0.020513"
"10","rs8068844","ENSG00000108784","NAGLU","SF","0.13712","3.6539","0.00028495","0.020553"
"199","rs3782774","ENSG00000236908","","MAM","-0.22238","-3.6459","0.00029271","0.018375"
"9","rs9897596","ENSG00000197815","","VAF","-0.15694","-3.6460","0.00029348","0.022290"
"199","rs7164479","ENSG00000136378","ADAMTS7","AOR","0.13593","3.6449","0.00029458","0.019061"
"9","rs8023774","ENSG00000259728","LINC00933","VAF","0.11827","3.6383","0.00030225","0.022841"
"77","rs367948","ENSG00000092964","DPYSL2","SF","0.069631","3.6365","0.00030435","0.021694"
"165","rs288187","ENSG00000151422","FER","AOR","-0.066257","-3.6354","0.00030538","0.019639"
"190","rs9897596","ENSG00000170160","CCDC144A","AOR","0.40583","3.6324","0.00030882","0.019821"
"4","rs3133293","ENSG00000149269","PAK1","SKLM","0.11959","3.6227","0.00032046","0.025897"
"171","rs75589791","ENSG00000069188","SDK2","LIV","0.21842","3.6114","0.00033385","0.017725"
"102","rs3918226","ENSG00000187260","WDR86","LIV","0.32152","3.6094","0.00033635","0.017833"
"187","rs78030362","ENSG00000130517","PGPEP1","BLOOD","-0.10443","-3.6106","0.00033796","0.028290"
"6","rs7528419","ENSG00000181754","AMIGO1","LIV","-0.11568","-3.6069","0.00033955","0.017972"
"10","rs35146811","ENSG00000146833","TRIM4","SF","-0.079266","-3.5969","0.00035325","0.024507"
"199","rs2083460","ENSG00000140511","HAPLN3","AOR","0.14145","3.5944","0.00035622","0.022312"
"10","rs7623687","ENSG00000173421","CCDC36","AOR","-0.20040","-3.5943","0.00035639","0.022320"
"51","rs10477741","ENSG00000233006","MIR3936HG","VAF","0.13069","3.5872","0.00036629","0.026759"
"9","rs1964272","ENSG00000011478","QPCTL","LIV","-0.081149","-3.5831","0.00037123","0.019351"
"9","rs35146811","ENSG00000146833","TRIM4","VAF","-0.070056","-3.5808","0.00037509","0.027275"
"199","rs3861086","ENSG00000172572","PDE3A","AOR","0.074837","3.5779","0.00037888","0.023477"
"9","rs9893690","ENSG00000265511","","LIV","-0.14441","-3.5743","0.00038356","0.019881"
"10","rs10477741","ENSG00000197375","SLC22A5","SF","-0.12092","-3.5719","0.00038786","0.026464"
"82","rs2820315","ENSG00000163431","LMOD1","MAM","0.073459","3.5664","0.00039468","0.023539"
"29","rs7998440","ENSG00000139618","BRCA2","AOR","-0.10888","-3.5663","0.00039566","0.024329"
"10","rs9893690","ENSG00000175662","TOM1L2","SF","-0.094272","-3.5658","0.00039679","0.026961"
"70","rs9897596","ENSG00000175662","TOM1L2","LIV","-0.055884","-3.5644","0.00039806","0.020498"
"219","rs11191416","ENSG00000076685","NT5C2","BLOOD","-0.12289","-3.5641","0.00040208","0.032562"
"141","rs585967","ENSG00000233005","","SF","0.34924","3.5567","0.00041041","0.027711"
"208","rs12262110","ENSG00000173145","NOC3L","LIV","-0.078811","-3.5554","0.00041157","0.021067"
"66","rs3813452","ENSG00000226094","RPL7P3","SKLM","-0.17843","-3.5448","0.00042875","0.032735"
"38","rs421329","ENSG00000219607","PPP1R3G","BLOOD","-0.33774","-3.5440","0.00043312","0.034546"
"123","rs2820315","ENSG00000232626","","BLOOD","-0.27400","-3.5395","0.00044040","0.035017"
"98","rs7098414","ENSG00000122378","FAM213A","LIV","0.072326","3.5369","0.00044081","0.022294"
"205","rs894211","ENSG00000175445","LPL","SF","-0.14533","-3.5366","0.00044218","0.029445"
"162","rs7623687","ENSG00000225399","","AOR","-0.25992","-3.5360","0.00044270","0.026689"
"193","rs35146811","ENSG00000160870","CYP3A7","LIV","0.26346","3.5309","0.00045064","0.022699"
"77","rs11509880","ENSG00000146530","VWDE","AOR","0.23257","3.5309","0.00045112","0.027104"
"13","rs11485595","ENSG00000163879","DNALI1","AOR","0.076810","3.5203","0.00046919","0.027987"
"78","rs7950678","ENSG00000132749","TESMIN","SF","-0.15493","-3.5160","0.00047693","0.031304"
"81","rs78030362","ENSG00000105696","TMEM59L","SKLM","-0.45124","-3.5100","0.00048749","0.036289"
"38","rs6883598","ENSG00000138829","FBN2","BLOOD","-0.35987","-3.5078","0.00049471","0.038408"
"141","rs11191416","ENSG00000107882","SUFU","MAM","-0.10625","-3.4968","0.00051037","0.029057"
"10","rs73222236","ENSG00000174579","MSL2","AOR","-0.040575","-3.4963","0.00051227","0.030076"
"77","rs2083460","ENSG00000140545","MFGE8","MAM","0.11267","3.4947","0.00051431","0.029238"
"196","rs17626479","ENSG00000269893","SNHG8","SKLM","0.17498","3.4906","0.00052336","0.038395"
"199","rs67180937","ENSG00000143498","TAF1A","AOR","-0.059322","-3.4896","0.00052503","0.030686"
"77","rs1964272","ENSG00000104936","DMPK","MAM","-0.081008","-3.4864","0.00053007","0.029963"
"190","rs9897596","ENSG00000170160","CCDC144A","BLOOD","0.52790","3.4856","0.00053655","0.040940"
"29","rs6860540","ENSG00000113272","THG1L","AOR","-0.056114","-3.4837","0.00053657","0.031230"
"59","rs113847672","ENSG00000167526","RPL13","LIV","0.10351","3.4800","0.00054314","0.026452"
"199","rs9608859","ENSG00000214491","SEC14L6","SKLM","0.22421","3.4765","0.00055110","0.039997"
"199","rs7164479","ENSG00000103811","CTSH","MAM","0.12469","3.4755","0.00055154","0.030940"
"85","rs28451064","ENSG00000227456","LINC00310","BLOOD","0.31253","3.4738","0.00056018","0.042354"
"190","rs9897596","ENSG00000170160","CCDC144A","MAM","0.33713","3.4670","0.00056889","0.031720"
"29","rs7998440","ENSG00000139618","BRCA2","SF","-0.16157","-3.4669","0.00057074","0.036172"
"208","rs9897596","ENSG00000108591","DRG2","LIV","-0.047479","-3.4655","0.00057272","0.027623"
"208","rs73222236","ENSG00000158092","NCK1","LIV","-0.049877","-3.4654","0.00057281","0.027626"
"81","rs62076439","ENSG00000108819","PPP1R9B","SKLM","-0.091488","-3.4642","0.00057630","0.041428"
"77","rs10477741","ENSG00000233006","MIR3936HG","SF","0.15456","3.4642","0.00057640","0.036457"
"198","rs129882","ENSG00000148303","RPL7A","SF","-0.11638","-3.4637","0.00057754","0.036514"
"102","rs7623687","ENSG00000164068","RNF123","LIV","0.070025","3.4628","0.00057834","0.027843"
"29","rs8108632","ENSG00000270164","LINC01480","SF","-0.21801","-3.4621","0.00058089","0.036678"
"9","rs10208474","ENSG00000144026","ZNF514","LIV","0.10200","3.4593","0.00058563","0.028125"
"9","rs3745148","ENSG00000159917","ZNF235","LIV","-0.15980","-3.4583","0.00058784","0.028212"
"208","rs35146811","ENSG00000242294","STAG3L5P","VAF","0.16487","3.4561","0.00059358","0.039400"
"208","rs11170820","ENSG00000250654","","MAM","0.41576","3.4518","0.00060129","0.033173"
"10","rs2891168","ENSG00000147883","CDKN2B","SF","-0.11122","-3.4465","0.00061465","0.038366"
"79","rs12922","ENSG00000172466","ZNF24","BLOOD","0.069423","3.4415","0.00062965","0.046412"
"208","rs9501744","ENSG00000250903","GMDS-DT","SF","-0.092363","-3.4377","0.00063454","0.039338"
"121","rs3918226","ENSG00000002726","AOC1","VAF","0.67327","3.4356","0.00063914","0.041777"
"29","rs9515203","ENSG00000185950","IRS2","AOR","0.085965","3.4350","0.00064020","0.036009"
"9","rs7623687","ENSG00000225399","","VAF","-0.19264","-3.4344","0.00064207","0.041932"
"177","rs11191416","ENSG00000148842","CNNM2","AOR","0.12201","3.4338","0.00064302","0.036136"
"10","rs6689306","ENSG00000196420","S100A5","SF","-0.23124","-3.4322","0.00064718","0.039960"
"78","rs2153219","ENSG00000177688","SUMO4","LIV","0.28730","3.4310","0.00064888","0.030578"
"13","rs112941079","ENSG00000250786","SNHG18","AOR","-0.11891","-3.4181","0.00068022","0.037792"
"4","rs57349798","ENSG00000198937","CCDC167","VAF","-0.12879","-3.4145","0.00068970","0.044387"
"81","rs1060542","ENSG00000110063","DCPS","SKLM","0.15657","3.4112","0.00069780","0.048071"
"198","rs2838351","ENSG00000160208","RRP1B","SF","-0.053117","-3.4108","0.00069882","0.042453"
"199","rs78030362","ENSG00000105650","PDE4C","SF","0.37096","3.4089","0.00070369","0.042688"
"112","rs7528419","ENSG00000134202","GSTM3","SF","-0.17899","-3.4051","0.00071327","0.043139"
"59","rs8108632","ENSG00000105341","DMAC2","LIV","-0.046616","-3.3979","0.00073079","0.033676"
"4","rs4472337","ENSG00000124562","SNRPC","VAF","0.080987","3.3883","0.00075728","0.047795"
"154","rs7500448","ENSG00000260788","","MAM","0.18470","3.3845","0.00076583","0.040248"
"23","rs2071382","ENSG00000140564","FURIN","LIV","0.060868","3.3787","0.00078256","0.035566"
"80","rs56408342","ENSG00000168490","PHYHIP","AOR","0.36058","3.3789","0.00078270","0.042254"
"162","rs1964272","ENSG00000185800","DMWD","MAM","-0.072322","-3.3754","0.00079095","0.041288"
"77","rs11810571","ENSG00000143437","ARNT","AOR","0.038439","3.3752","0.00079320","0.042706"
"41","rs2071382","ENSG00000183208","GDPGP1","LIV","-0.078983","-3.3688","0.00081064","0.036579"
"29","rs9929108","ENSG00000153774","CFDP1","AOR","0.046225","3.3651","0.00082213","0.043927"
"117","rs421329","ENSG00000214113","LYRM4","LIV","0.067460","3.3643","0.00082346","0.037043"
"9","rs7950678","ENSG00000162341","TPCN2","LIV","-0.063131","-3.3638","0.00082489","0.037095"
"59","rs964184","ENSG00000110245","APOC3","LIV","0.091047","3.3612","0.00083267","0.037370"
"10","rs34127110","ENSG00000259565","KRT8P23","AOR","0.17624","3.3501","0.00086687","0.045805"
"59","rs33823","ENSG00000124299","PEPD","LIV","0.070802","3.3395","0.00089893","0.039705"
"6","rs3776307","ENSG00000145819","ARHGAP26","LIV","-0.063143","-3.3379","0.00090423","0.039889"
"78","rs113847672","ENSG00000129910","CDH15","LIV","-0.46095","-3.3321","0.00092291","0.040542"
"39","rs28596486","ENSG00000166033","HTRA1","AOR","0.099447","3.3282","0.00093624","0.048664"
"80","rs7570006","ENSG00000076003","MCM6","AOR","0.053633","3.3280","0.00093715","0.048701"
"10","rs12262110","ENSG00000138115","CYP2C8","AOR","-0.21712","-3.3267","0.00094145","0.048876"
"77","rs4643373","ENSG00000159202","UBE2Z","MAM","0.047214","3.3231","0.00095170","0.047779"
"199","rs10841443","ENSG00000172572","PDE3A","AOR","0.066863","3.3226","0.00095494","0.049429"
"199","rs7500448","ENSG00000261410","","MAM","0.19277","3.3193","0.00096424","0.048282"
"217","rs1805719","ENSG00000003056","M6PR","LIV","0.043208","3.3057","0.0010123","0.043609"
"15","rs73222236","ENSG00000239213","NCK1-DT","LIV","-0.098088","-3.2983","0.0010388","0.044494"
"41","rs12989198","ENSG00000138434","SSFA2","LIV","0.057653","3.2973","0.0010424","0.044612"
"218","rs16994919","ENSG00000197712","FAM114A1","LIV","0.10333","3.2962","0.0010465","0.044748"
"107","rs9914266","ENSG00000167720","SRR","LIV","-0.064052","-3.2957","0.0010481","0.044800"
"214","rs4472337","ENSG00000064995","TAF11","LIV","0.040832","3.2799","0.0011073","0.046758"
"176","rs12133530","ENSG00000244414","CFHR1","LIV","0.35428","3.2761","0.0011222","0.047236"
"9","rs3133293","ENSG00000149269","PAK1","LIV","0.044836","3.2738","0.0011310","0.047533"
"200","rs35146811","ENSG00000242294","STAG3L5P","LIV","0.14846","3.2704","0.0011445","0.047971"
"77","rs7528419","ENSG00000116299","KIAA1324","LIV","0.22122","3.2618","0.0011793","0.049092"
"126","rs2071382","ENSG00000182768","NGRN","LIV","-0.052032","-3.2562","0.0012020","0.049827"